Country Name,Country Code,2011,Indicator Code,1960,1961,1962,1963,1964,1965,1966,1967,1968,1969,1970,1971,1972,1973,1974,1975,1976,1977,1978,1979,1980,1981,1982,1983,1984,1985,1986,1987,1988,1989,1990,1991,1992,1993,1994,1995,1996,1997,1998,1999,2000,2001,2002,2003,2004,2005,2006,2007,2008,2009,2010,2011,2012,2013,2014,2015,2016
Aruba,ABW,..,EN.CLC.DRSK.XQ,,,,,,,,,,,,,,,,,,,,,,,,,,,,,,,,,,,,,,,,,,,,,,,,,,,,..,,,,,
Afghanistan,AFG,..,EN.CLC.DRSK.XQ,,,,,,,,,,,,,,,,,,,,,,,,,,,,,,,,,,,,,,,,,,,,,,,,,,,,..,,,,,
Angola,AGO,..,EN.CLC.DRSK.XQ,,,Data Source,World Development Indicators,,,,,,,,,,,,,,,,,,,,,,,,,,,,,,,,,,,,,,,,,,,,,,,,..,,,,,
Albania,ALB,..,EN.CLC.DRSK.XQ,,,Last Updated Date,18-09-17,,,,,,,,,,,,,,,,,,,,,,,,,,,,,,,,,,,,,,,,,,,,,,,,..,,,,,
Andorra,AND,..,EN.CLC.DRSK.XQ,,,,,,,,,,,,,,,,,,,,,,,,,,,,,,,,,,,,,,,,,,,,,,,,,,,,..,,,,,
Arab World,ARB,..,EN.CLC.DRSK.XQ,,,,,,,,,,,,,,,,,,,,,,,,,,,,,,,,,,,,,,,,,,,,,,,,,,,,..,,,,,
United Arab Emirates,ARE,..,EN.CLC.DRSK.XQ,,,,,,,,,,,,,,,,,,,,,,,,,,,,,,,,,,,,,,,,,,,,,,,,,,,,..,,,,,
Argentina,ARG,3.25,EN.CLC.DRSK.XQ,,,,,,,,,,,,,,,,,,,,,,,,,,,,,,,,,,,,,,,,,,,,,,,,,,,,3.25,,,,,
Armenia,ARM,3,EN.CLC.DRSK.XQ,,,,,,,,,,,,,,,,,,,,,,,,,,,,,,,,,,,,,,,,,,,,,,,,,,,,3,,,,,
American Samoa,ASM,..,EN.CLC.DRSK.XQ,,,,,,,,,,,,,,,,,,,,,,,,,,,,,,,,,,,,,,,,,,,,,,,,,,,,..,,,,,
Antigua and Barbuda,ATG,2.75,EN.CLC.DRSK.XQ,,,,,,,,,,,,,,,,,,,,,,,,,,,,,,,,,,,,,,,,,,,,,,,,,,,,2.75,,,,,
Australia,AUS,4,EN.CLC.DRSK.XQ,,,,,,,,,,,,,,,,,,,,,,,,,,,,,,,,,,,,,,,,,,,,,,,,,,,,4,,,,,
Austria,AUT,..,EN.CLC.DRSK.XQ,,,,,,,,,,,,,,,,,,,,,,,,,,,,,,,,,,,,,,,,,,,,,,,,,,,,..,,,,,
Azerbaijan,AZE,..,EN.CLC.DRSK.XQ,,,,,,,,,,,,,,,,,,,,,,,,,,,,,,,,,,,,,,,,,,,,,,,,,,,,..,,,,,
Burundi,BDI,3.25,EN.CLC.DRSK.XQ,,,,,,,,,,,,,,,,,,,,,,,,,,,,,,,,,,,,,,,,,,,,,,,,,,,,3.25,,,,,
Belgium,BEL,..,EN.CLC.DRSK.XQ,,,,,,,,,,,,,,,,,,,,,,,,,,,,,,,,,,,,,,,,,,,,,,,,,,,,..,,,,,
Benin,BEN,..,EN.CLC.DRSK.XQ,,,,,,,,,,,,,,,,,,,,,,,,,,,,,,,,,,,,,,,,,,,,,,,,,,,,..,,,,,
Burkina Faso,BFA,..,EN.CLC.DRSK.XQ,,,,,,,,,,,,,,,,,,,,,,,,,,,,,,,,,,,,,,,,,,,,,,,,,,,,..,,,,,
Bangladesh,BGD,4,EN.CLC.DRSK.XQ,,,,,,,,,,,,,,,,,,,,,,,,,,,,,,,,,,,,,,,,,,,,,,,,,,,,4,,,,,
Bulgaria,BGR,3.5,EN.CLC.DRSK.XQ,,,,,,,,,,,,,,,,,,,,,,,,,,,,,,,,,,,,,,,,,,,,,,,,,,,,3.5,,,,,
Bahrain,BHR,..,EN.CLC.DRSK.XQ,,,,,,,,,,,,,,,,,,,,,,,,,,,,,,,,,,,,,,,,,,,,,,,,,,,,..,,,,,
"Bahamas, The",BHS,..,EN.CLC.DRSK.XQ,,,,,,,,,,,,,,,,,,,,,,,,,,,,,,,,,,,,,,,,,,,,,,,,,,,,..,,,,,
Bosnia and Herzegovina,BIH,..,EN.CLC.DRSK.XQ,,,,,,,,,,,,,,,,,,,,,,,,,,,,,,,,,,,,,,,,,,,,,,,,,,,,..,,,,,
Belarus,BLR,..,EN.CLC.DRSK.XQ,,,,,,,,,,,,,,,,,,,,,,,,,,,,,,,,,,,,,,,,,,,,,,,,,,,,..,,,,,
Belize,BLZ,..,EN.CLC.DRSK.XQ,,,,,,,,,,,,,,,,,,,,,,,,,,,,,,,,,,,,,,,,,,,,,,,,,,,,..,,,,,
Bermuda,BMU,..,EN.CLC.DRSK.XQ,,,,,,,,,,,,,,,,,,,,,,,,,,,,,,,,,,,,,,,,,,,,,,,,,,,,..,,,,,
Bolivia,BOL,2.25,EN.CLC.DRSK.XQ,,,,,,,,,,,,,,,,,,,,,,,,,,,,,,,,,,,,,,,,,,,,,,,,,,,,2.25,,,,,
Brazil,BRA,4.5,EN.CLC.DRSK.XQ,,,,,,,,,,,,,,,,,,,,,,,,,,,,,,,,,,,,,,,,,,,,,,,,,,,,4.5,,,,,
Barbados,BRB,4,EN.CLC.DRSK.XQ,,,,,,,,,,,,,,,,,,,,,,,,,,,,,,,,,,,,,,,,,,,,,,,,,,,,4,,,,,
Brunei Darussalam,BRN,2.75,EN.CLC.DRSK.XQ,,,,,,,,,,,,,,,,,,,,,,,,,,,,,,,,,,,,,,,,,,,,,,,,,,,,2.75,,,,,
Bhutan,BTN,..,EN.CLC.DRSK.XQ,,,,,,,,,,,,,,,,,,,,,,,,,,,,,,,,,,,,,,,,,,,,,,,,,,,,..,,,,,
Botswana,BWA,3,EN.CLC.DRSK.XQ,,,,,,,,,,,,,,,,,,,,,,,,,,,,,,,,,,,,,,,,,,,,,,,,,,,,3,,,,,
Central African Republic,CAF,..,EN.CLC.DRSK.XQ,,,,,,,,,,,,,,,,,,,,,,,,,,,,,,,,,,,,,,,,,,,,,,,,,,,,..,,,,,
Canada,CAN,4.25,EN.CLC.DRSK.XQ,,,,,,,,,,,,,,,,,,,,,,,,,,,,,,,,,,,,,,,,,,,,,,,,,,,,4.25,,,,,
Central Europe and the Baltics,CEB,..,EN.CLC.DRSK.XQ,,,,,,,,,,,,,,,,,,,,,,,,,,,,,,,,,,,,,,,,,,,,,,,,,,,,..,,,,,
Switzerland,CHE,4.75,EN.CLC.DRSK.XQ,,,,,,,,,,,,,,,,,,,,,,,,,,,,,,,,,,,,,,,,,,,,,,,,,,,,4.75,,,,,
Channel Islands,CHI,..,EN.CLC.DRSK.XQ,,,,,,,,,,,,,,,,,,,,,,,,,,,,,,,,,,,,,,,,,,,,,,,,,,,,..,,,,,
Chile,CHL,2.75,EN.CLC.DRSK.XQ,,,,,,,,,,,,,,,,,,,,,,,,,,,,,,,,,,,,,,,,,,,,,,,,,,,,2.75,,,,,
China,CHN,..,EN.CLC.DRSK.XQ,,,,,,,,,,,,,,,,,,,,,,,,,,,,,,,,,,,,,,,,,,,,,,,,,,,,..,,,,,
Cote d'Ivoire,CIV,2.5,EN.CLC.DRSK.XQ,,,,,,,,,,,,,,,,,,,,,,,,,,,,,,,,,,,,,,,,,,,,,,,,,,,,2.5,,,,,
Cameroon,CMR,..,EN.CLC.DRSK.XQ,,,,,,,,,,,,,,,,,,,,,,,,,,,,,,,,,,,,,,,,,,,,,,,,,,,,..,,,,,
"Congo, Dem. Rep.",COD,..,EN.CLC.DRSK.XQ,,,,,,,,,,,,,,,,,,,,,,,,,,,,,,,,,,,,,,,,,,,,,,,,,,,,..,,,,,
"Congo, Rep.",COG,..,EN.CLC.DRSK.XQ,,,,,,,,,,,,,,,,,,,,,,,,,,,,,,,,,,,,,,,,,,,,,,,,,,,,..,,,,,
Colombia,COL,3.75,EN.CLC.DRSK.XQ,,,,,,,,,,,,,,,,,,,,,,,,,,,,,,,,,,,,,,,,,,,,,,,,,,,,3.75,,,,,
Comoros,COM,1.75,EN.CLC.DRSK.XQ,,,,,,,,,,,,,,,,,,,,,,,,,,,,,,,,,,,,,,,,,,,,,,,,,,,,1.75,,,,,
Cabo Verde,CPV,3.5,EN.CLC.DRSK.XQ,,,,,,,,,,,,,,,,,,,,,,,,,,,,,,,,,,,,,,,,,,,,,,,,,,,,3.5,,,,,
Costa Rica,CRI,4.5,EN.CLC.DRSK.XQ,,,,,,,,,,,,,,,,,,,,,,,,,,,,,,,,,,,,,,,,,,,,,,,,,,,,4.5,,,,,
Caribbean small states,CSS,..,EN.CLC.DRSK.XQ,,,,,,,,,,,,,,,,,,,,,,,,,,,,,,,,,,,,,,,,,,,,,,,,,,,,..,,,,,
Cuba,CUB,4.5,EN.CLC.DRSK.XQ,,,,,,,,,,,,,,,,,,,,,,,,,,,,,,,,,,,,,,,,,,,,,,,,,,,,4.5,,,,,
Curacao,CUW,..,EN.CLC.DRSK.XQ,,,,,,,,,,,,,,,,,,,,,,,,,,,,,,,,,,,,,,,,,,,,,,,,,,,,..,,,,,
Cayman Islands,CYM,3,EN.CLC.DRSK.XQ,,,,,,,,,,,,,,,,,,,,,,,,,,,,,,,,,,,,,,,,,,,,,,,,,,,,3,,,,,
Cyprus,CYP,..,EN.CLC.DRSK.XQ,,,,,,,,,,,,,,,,,,,,,,,,,,,,,,,,,,,,,,,,,,,,,,,,,,,,..,,,,,
Czech Republic,CZE,2.75,EN.CLC.DRSK.XQ,,,,,,,,,,,,,,,,,,,,,,,,,,,,,,,,,,,,,,,,,,,,,,,,,,,,2.75,,,,,
Germany,DEU,4.25,EN.CLC.DRSK.XQ,,,,,,,,,,,,,,,,,,,,,,,,,,,,,,,,,,,,,,,,,,,,,,,,,,,,4.25,,,,,
Djibouti,DJI,..,EN.CLC.DRSK.XQ,,,,,,,,,,,,,,,,,,,,,,,,,,,,,,,,,,,,,,,,,,,,,,,,,,,,..,,,,,
Dominica,DMA,..,EN.CLC.DRSK.XQ,,,,,,,,,,,,,,,,,,,,,,,,,,,,,,,,,,,,,,,,,,,,,,,,,,,,..,,,,,
Denmark,DNK,..,EN.CLC.DRSK.XQ,,,,,,,,,,,,,,,,,,,,,,,,,,,,,,,,,,,,,,,,,,,,,,,,,,,,..,,,,,
Dominican Republic,DOM,3,EN.CLC.DRSK.XQ,,,,,,,,,,,,,,,,,,,,,,,,,,,,,,,,,,,,,,,,,,,,,,,,,,,,3,,,,,
Algeria,DZA,3.5,EN.CLC.DRSK.XQ,,,,,,,,,,,,,,,,,,,,,,,,,,,,,,,,,,,,,,,,,,,,,,,,,,,,3.5,,,,,
East Asia & Pacific (excluding high income),EAP,..,EN.CLC.DRSK.XQ,,,,,,,,,,,,,,,,,,,,,,,,,,,,,,,,,,,,,,,,,,,,,,,,,,,,..,,,,,
Early-demographic dividend,EAR,..,EN.CLC.DRSK.XQ,,,,,,,,,,,,,,,,,,,,,,,,,,,,,,,,,,,,,,,,,,,,,,,,,,,,..,,,,,
East Asia & Pacific,EAS,..,EN.CLC.DRSK.XQ,,,,,,,,,,,,,,,,,,,,,,,,,,,,,,,,,,,,,,,,,,,,,,,,,,,,..,,,,,
Europe & Central Asia (excluding high income),ECA,..,EN.CLC.DRSK.XQ,,,,,,,,,,,,,,,,,,,,,,,,,,,,,,,,,,,,,,,,,,,,,,,,,,,,..,,,,,
Europe & Central Asia,ECS,..,EN.CLC.DRSK.XQ,,,,,,,,,,,,,,,,,,,,,,,,,,,,,,,,,,,,,,,,,,,,,,,,,,,,..,,,,,
Ecuador,ECU,4.75,EN.CLC.DRSK.XQ,,,,,,,,,,,,,,,,,,,,,,,,,,,,,,,,,,,,,,,,,,,,,,,,,,,,4.75,,,,,
"Egypt, Arab Rep.",EGY,..,EN.CLC.DRSK.XQ,,,,,,,,,,,,,,,,,,,,,,,,,,,,,,,,,,,,,,,,,,,,,,,,,,,,..,,,,,
Euro area,EMU,..,EN.CLC.DRSK.XQ,,,,,,,,,,,,,,,,,,,,,,,,,,,,,,,,,,,,,,,,,,,,,,,,,,,,..,,,,,
Eritrea,ERI,..,EN.CLC.DRSK.XQ,,,,,,,,,,,,,,,,,,,,,,,,,,,,,,,,,,,,,,,,,,,,,,,,,,,,..,,,,,
Spain,ESP,..,EN.CLC.DRSK.XQ,,,,,,,,,,,,,,,,,,,,,,,,,,,,,,,,,,,,,,,,,,,,,,,,,,,,..,,,,,
Estonia,EST,..,EN.CLC.DRSK.XQ,,,,,,,,,,,,,,,,,,,,,,,,,,,,,,,,,,,,,,,,,,,,,,,,,,,,..,,,,,
Ethiopia,ETH,..,EN.CLC.DRSK.XQ,,,,,,,,,,,,,,,,,,,,,,,,,,,,,,,,,,,,,,,,,,,,,,,,,,,,..,,,,,
European Union,EUU,..,EN.CLC.DRSK.XQ,,,,,,,,,,,,,,,,,,,,,,,,,,,,,,,,,,,,,,,,,,,,,,,,,,,,..,,,,,
Fragile and conflict affected situations,FCS,..,EN.CLC.DRSK.XQ,,,,,,,,,,,,,,,,,,,,,,,,,,,,,,,,,,,,,,,,,,,,,,,,,,,,..,,,,,
Finland,FIN,3.5,EN.CLC.DRSK.XQ,,,,,,,,,,,,,,,,,,,,,,,,,,,,,,,,,,,,,,,,,,,,,,,,,,,,3.5,,,,,
Fiji,FJI,2.75,EN.CLC.DRSK.XQ,,,,,,,,,,,,,,,,,,,,,,,,,,,,,,,,,,,,,,,,,,,,,,,,,,,,2.75,,,,,
France,FRA,..,EN.CLC.DRSK.XQ,,,,,,,,,,,,,,,,,,,,,,,,,,,,,,,,,,,,,,,,,,,,,,,,,,,,..,,,,,
Faroe Islands,FRO,..,EN.CLC.DRSK.XQ,,,,,,,,,,,,,,,,,,,,,,,,,,,,,,,,,,,,,,,,,,,,,,,,,,,,..,,,,,
"Micronesia, Fed. Sts.",FSM,..,EN.CLC.DRSK.XQ,,,,,,,,,,,,,,,,,,,,,,,,,,,,,,,,,,,,,,,,,,,,,,,,,,,,..,,,,,
Gabon,GAB,..,EN.CLC.DRSK.XQ,,,,,,,,,,,,,,,,,,,,,,,,,,,,,,,,,,,,,,,,,,,,,,,,,,,,..,,,,,
United Kingdom,GBR,..,EN.CLC.DRSK.XQ,,,,,,,,,,,,,,,,,,,,,,,,,,,,,,,,,,,,,,,,,,,,,,,,,,,,..,,,,,
Georgia,GEO,2.75,EN.CLC.DRSK.XQ,,,,,,,,,,,,,,,,,,,,,,,,,,,,,,,,,,,,,,,,,,,,,,,,,,,,2.75,,,,,
Ghana,GHA,3.25,EN.CLC.DRSK.XQ,,,,,,,,,,,,,,,,,,,,,,,,,,,,,,,,,,,,,,,,,,,,,,,,,,,,3.25,,,,,
Gibraltar,GIB,..,EN.CLC.DRSK.XQ,,,,,,,,,,,,,,,,,,,,,,,,,,,,,,,,,,,,,,,,,,,,,,,,,,,,..,,,,,
Guinea,GIN,..,EN.CLC.DRSK.XQ,,,,,,,,,,,,,,,,,,,,,,,,,,,,,,,,,,,,,,,,,,,,,,,,,,,,..,,,,,
"Gambia, The",GMB,..,EN.CLC.DRSK.XQ,,,,,,,,,,,,,,,,,,,,,,,,,,,,,,,,,,,,,,,,,,,,,,,,,,,,..,,,,,
Guinea-Bissau,GNB,1,EN.CLC.DRSK.XQ,,,,,,,,,,,,,,,,,,,,,,,,,,,,,,,,,,,,,,,,,,,,,,,,,,,,1,,,,,
Equatorial Guinea,GNQ,..,EN.CLC.DRSK.XQ,,,,,,,,,,,,,,,,,,,,,,,,,,,,,,,,,,,,,,,,,,,,,,,,,,,,..,,,,,
Greece,GRC,..,EN.CLC.DRSK.XQ,,,,,,,,,,,,,,,,,,,,,,,,,,,,,,,,,,,,,,,,,,,,,,,,,,,,..,,,,,
Grenada,GRD,..,EN.CLC.DRSK.XQ,,,,,,,,,,,,,,,,,,,,,,,,,,,,,,,,,,,,,,,,,,,,,,,,,,,,..,,,,,
Greenland,GRL,..,EN.CLC.DRSK.XQ,,,,,,,,,,,,,,,,,,,,,,,,,,,,,,,,,,,,,,,,,,,,,,,,,,,,..,,,,,
Guatemala,GTM,3.25,EN.CLC.DRSK.XQ,,,,,,,,,,,,,,,,,,,,,,,,,,,,,,,,,,,,,,,,,,,,,,,,,,,,3.25,,,,,
Guam,GUM,..,EN.CLC.DRSK.XQ,,,,,,,,,,,,,,,,,,,,,,,,,,,,,,,,,,,,,,,,,,,,,,,,,,,,..,,,,,
Guyana,GUY,..,EN.CLC.DRSK.XQ,,,,,,,,,,,,,,,,,,,,,,,,,,,,,,,,,,,,,,,,,,,,,,,,,,,,..,,,,,
High income,HIC,..,EN.CLC.DRSK.XQ,,,,,,,,,,,,,,,,,,,,,,,,,,,,,,,,,,,,,,,,,,,,,,,,,,,,..,,,,,
"Hong Kong SAR, China",HKG,..,EN.CLC.DRSK.XQ,,,,,,,,,,,,,,,,,,,,,,,,,,,,,,,,,,,,,,,,,,,,,,,,,,,,..,,,,,
Honduras,HND,3.75,EN.CLC.DRSK.XQ,,,,,,,,,,,,,,,,,,,,,,,,,,,,,,,,,,,,,,,,,,,,,,,,,,,,3.75,,,,,
Heavily indebted poor countries (HIPC),HPC,..,EN.CLC.DRSK.XQ,,,,,,,,,,,,,,,,,,,,,,,,,,,,,,,,,,,,,,,,,,,,,,,,,,,,..,,,,,
Croatia,HRV,..,EN.CLC.DRSK.XQ,,,,,,,,,,,,,,,,,,,,,,,,,,,,,,,,,,,,,,,,,,,,,,,,,,,,..,,,,,
Haiti,HTI,..,EN.CLC.DRSK.XQ,,,,,,,,,,,,,,,,,,,,,,,,,,,,,,,,,,,,,,,,,,,,,,,,,,,,..,,,,,
Hungary,HUN,..,EN.CLC.DRSK.XQ,,,,,,,,,,,,,,,,,,,,,,,,,,,,,,,,,,,,,,,,,,,,,,,,,,,,..,,,,,
IBRD only,IBD,..,EN.CLC.DRSK.XQ,,,,,,,,,,,,,,,,,,,,,,,,,,,,,,,,,,,,,,,,,,,,,,,,,,,,..,,,,,
IDA & IBRD total,IBT,..,EN.CLC.DRSK.XQ,,,,,,,,,,,,,,,,,,,,,,,,,,,,,,,,,,,,,,,,,,,,,,,,,,,,..,,,,,
IDA total,IDA,..,EN.CLC.DRSK.XQ,,,,,,,,,,,,,,,,,,,,,,,,,,,,,,,,,,,,,,,,,,,,,,,,,,,,..,,,,,
IDA blend,IDB,..,EN.CLC.DRSK.XQ,,,,,,,,,,,,,,,,,,,,,,,,,,,,,,,,,,,,,,,,,,,,,,,,,,,,..,,,,,
Indonesia,IDN,3.25,EN.CLC.DRSK.XQ,,,,,,,,,,,,,,,,,,,,,,,,,,,,,,,,,,,,,,,,,,,,,,,,,,,,3.25,,,,,
IDA only,IDX,..,EN.CLC.DRSK.XQ,,,,,,,,,,,,,,,,,,,,,,,,,,,,,,,,,,,,,,,,,,,,,,,,,,,,..,,,,,
Isle of Man,IMN,..,EN.CLC.DRSK.XQ,,,,,,,,,,,,,,,,,,,,,,,,,,,,,,,,,,,,,,,,,,,,,,,,,,,,..,,,,,
India,IND,3.25,EN.CLC.DRSK.XQ,,,,,,,,,,,,,,,,,,,,,,,,,,,,,,,,,,,,,,,,,,,,,,,,,,,,3.25,,,,,
Not classified,INX,..,EN.CLC.DRSK.XQ,,,,,,,,,,,,,,,,,,,,,,,,,,,,,,,,,,,,,,,,,,,,,,,,,,,,..,,,,,
Ireland,IRL,..,EN.CLC.DRSK.XQ,,,,,,,,,,,,,,,,,,,,,,,,,,,,,,,,,,,,,,,,,,,,,,,,,,,,..,,,,,
"Iran, Islamic Rep.",IRN,..,EN.CLC.DRSK.XQ,,,,,,,,,,,,,,,,,,,,,,,,,,,,,,,,,,,,,,,,,,,,,,,,,,,,..,,,,,
Iraq,IRQ,..,EN.CLC.DRSK.XQ,,,,,,,,,,,,,,,,,,,,,,,,,,,,,,,,,,,,,,,,,,,,,,,,,,,,..,,,,,
Iceland,ISL,..,EN.CLC.DRSK.XQ,,,,,,,,,,,,,,,,,,,,,,,,,,,,,,,,,,,,,,,,,,,,,,,,,,,,..,,,,,
Israel,ISR,..,EN.CLC.DRSK.XQ,,,,,,,,,,,,,,,,,,,,,,,,,,,,,,,,,,,,,,,,,,,,,,,,,,,,..,,,,,
Italy,ITA,3.5,EN.CLC.DRSK.XQ,,,,,,,,,,,,,,,,,,,,,,,,,,,,,,,,,,,,,,,,,,,,,,,,,,,,3.5,,,,,
Jamaica,JAM,3.75,EN.CLC.DRSK.XQ,,,,,,,,,,,,,,,,,,,,,,,,,,,,,,,,,,,,,,,,,,,,,,,,,,,,3.75,,,,,
Jordan,JOR,..,EN.CLC.DRSK.XQ,,,,,,,,,,,,,,,,,,,,,,,,,,,,,,,,,,,,,,,,,,,,,,,,,,,,..,,,,,
Japan,JPN,4.5,EN.CLC.DRSK.XQ,,,,,,,,,,,,,,,,,,,,,,,,,,,,,,,,,,,,,,,,,,,,,,,,,,,,4.5,,,,,
Kazakhstan,KAZ,..,EN.CLC.DRSK.XQ,,,,,,,,,,,,,,,,,,,,,,,,,,,,,,,,,,,,,,,,,,,,,,,,,,,,..,,,,,
Kenya,KEN,4,EN.CLC.DRSK.XQ,,,,,,,,,,,,,,,,,,,,,,,,,,,,,,,,,,,,,,,,,,,,,,,,,,,,4,,,,,
Kyrgyz Republic,KGZ,..,EN.CLC.DRSK.XQ,,,,,,,,,,,,,,,,,,,,,,,,,,,,,,,,,,,,,,,,,,,,,,,,,,,,..,,,,,
Cambodia,KHM,..,EN.CLC.DRSK.XQ,,,,,,,,,,,,,,,,,,,,,,,,,,,,,,,,,,,,,,,,,,,,,,,,,,,,..,,,,,
Kiribati,KIR,..,EN.CLC.DRSK.XQ,,,,,,,,,,,,,,,,,,,,,,,,,,,,,,,,,,,,,,,,,,,,,,,,,,,,..,,,,,
St. Kitts and Nevis,KNA,3.5,EN.CLC.DRSK.XQ,,,,,,,,,,,,,,,,,,,,,,,,,,,,,,,,,,,,,,,,,,,,,,,,,,,,3.5,,,,,
"Korea, Rep.",KOR,..,EN.CLC.DRSK.XQ,,,,,,,,,,,,,,,,,,,,,,,,,,,,,,,,,,,,,,,,,,,,,,,,,,,,..,,,,,
Kuwait,KWT,..,EN.CLC.DRSK.XQ,,,,,,,,,,,,,,,,,,,,,,,,,,,,,,,,,,,,,,,,,,,,,,,,,,,,..,,,,,
Latin America & Caribbean (excluding high income),LAC,..,EN.CLC.DRSK.XQ,,,,,,,,,,,,,,,,,,,,,,,,,,,,,,,,,,,,,,,,,,,,,,,,,,,,..,,,,,
Lao PDR,LAO,2.25,EN.CLC.DRSK.XQ,,,,,,,,,,,,,,,,,,,,,,,,,,,,,,,,,,,,,,,,,,,,,,,,,,,,2.25,,,,,
Lebanon,LBN,3,EN.CLC.DRSK.XQ,,,,,,,,,,,,,,,,,,,,,,,,,,,,,,,,,,,,,,,,,,,,,,,,,,,,3,,,,,
Liberia,LBR,..,EN.CLC.DRSK.XQ,,,,,,,,,,,,,,,,,,,,,,,,,,,,,,,,,,,,,,,,,,,,,,,,,,,,..,,,,,
Libya,LBY,..,EN.CLC.DRSK.XQ,,,,,,,,,,,,,,,,,,,,,,,,,,,,,,,,,,,,,,,,,,,,,,,,,,,,..,,,,,
St. Lucia,LCA,3.25,EN.CLC.DRSK.XQ,,,,,,,,,,,,,,,,,,,,,,,,,,,,,,,,,,,,,,,,,,,,,,,,,,,,3.25,,,,,
Latin America & Caribbean,LCN,..,EN.CLC.DRSK.XQ,,,,,,,,,,,,,,,,,,,,,,,,,,,,,,,,,,,,,,,,,,,,,,,,,,,,..,,,,,
Least developed countries: UN classification,LDC,..,EN.CLC.DRSK.XQ,,,,,,,,,,,,,,,,,,,,,,,,,,,,,,,,,,,,,,,,,,,,,,,,,,,,..,,,,,
Low income,LIC,..,EN.CLC.DRSK.XQ,,,,,,,,,,,,,,,,,,,,,,,,,,,,,,,,,,,,,,,,,,,,,,,,,,,,..,,,,,
Liechtenstein,LIE,..,EN.CLC.DRSK.XQ,,,,,,,,,,,,,,,,,,,,,,,,,,,,,,,,,,,,,,,,,,,,,,,,,,,,..,,,,,
Sri Lanka,LKA,3.5,EN.CLC.DRSK.XQ,,,,,,,,,,,,,,,,,,,,,,,,,,,,,,,,,,,,,,,,,,,,,,,,,,,,3.5,,,,,
Lower middle income,LMC,..,EN.CLC.DRSK.XQ,,,,,,,,,,,,,,,,,,,,,,,,,,,,,,,,,,,,,,,,,,,,,,,,,,,,..,,,,,
Low & middle income,LMY,..,EN.CLC.DRSK.XQ,,,,,,,,,,,,,,,,,,,,,,,,,,,,,,,,,,,,,,,,,,,,,,,,,,,,..,,,,,
Lesotho,LSO,2.5,EN.CLC.DRSK.XQ,,,,,,,,,,,,,,,,,,,,,,,,,,,,,,,,,,,,,,,,,,,,,,,,,,,,2.5,,,,,
Late-demographic dividend,LTE,..,EN.CLC.DRSK.XQ,,,,,,,,,,,,,,,,,,,,,,,,,,,,,,,,,,,,,,,,,,,,,,,,,,,,..,,,,,
Lithuania,LTU,..,EN.CLC.DRSK.XQ,,,,,,,,,,,,,,,,,,,,,,,,,,,,,,,,,,,,,,,,,,,,,,,,,,,,..,,,,,
Luxembourg,LUX,..,EN.CLC.DRSK.XQ,,,,,,,,,,,,,,,,,,,,,,,,,,,,,,,,,,,,,,,,,,,,,,,,,,,,..,,,,,
Latvia,LVA,..,EN.CLC.DRSK.XQ,,,,,,,,,,,,,,,,,,,,,,,,,,,,,,,,,,,,,,,,,,,,,,,,,,,,..,,,,,
"Macao SAR, China",MAC,..,EN.CLC.DRSK.XQ,,,,,,,,,,,,,,,,,,,,,,,,,,,,,,,,,,,,,,,,,,,,,,,,,,,,..,,,,,
St. Martin (French part),MAF,..,EN.CLC.DRSK.XQ,,,,,,,,,,,,,,,,,,,,,,,,,,,,,,,,,,,,,,,,,,,,,,,,,,,,..,,,,,
Morocco,MAR,3,EN.CLC.DRSK.XQ,,,,,,,,,,,,,,,,,,,,,,,,,,,,,,,,,,,,,,,,,,,,,,,,,,,,3,,,,,
Monaco,MCO,..,EN.CLC.DRSK.XQ,,,,,,,,,,,,,,,,,,,,,,,,,,,,,,,,,,,,,,,,,,,,,,,,,,,,..,,,,,
Moldova,MDA,..,EN.CLC.DRSK.XQ,,,,,,,,,,,,,,,,,,,,,,,,,,,,,,,,,,,,,,,,,,,,,,,,,,,,..,,,,,
Madagascar,MDG,3.75,EN.CLC.DRSK.XQ,,,,,,,,,,,,,,,,,,,,,,,,,,,,,,,,,,,,,,,,,,,,,,,,,,,,3.75,,,,,
Maldives,MDV,2.25,EN.CLC.DRSK.XQ,,,,,,,,,,,,,,,,,,,,,,,,,,,,,,,,,,,,,,,,,,,,,,,,,,,,2.25,,,,,
Middle East & North Africa,MEA,..,EN.CLC.DRSK.XQ,,,,,,,,,,,,,,,,,,,,,,,,,,,,,,,,,,,,,,,,,,,,,,,,,,,,..,,,,,
Mexico,MEX,4.25,EN.CLC.DRSK.XQ,,,,,,,,,,,,,,,,,,,,,,,,,,,,,,,,,,,,,,,,,,,,,,,,,,,,4.25,,,,,
Marshall Islands,MHL,1.75,EN.CLC.DRSK.XQ,,,,,,,,,,,,,,,,,,,,,,,,,,,,,,,,,,,,,,,,,,,,,,,,,,,,1.75,,,,,
Middle income,MIC,..,EN.CLC.DRSK.XQ,,,,,,,,,,,,,,,,,,,,,,,,,,,,,,,,,,,,,,,,,,,,,,,,,,,,..,,,,,
"Macedonia, FYR",MKD,3.25,EN.CLC.DRSK.XQ,,,,,,,,,,,,,,,,,,,,,,,,,,,,,,,,,,,,,,,,,,,,,,,,,,,,3.25,,,,,
Mali,MLI,..,EN.CLC.DRSK.XQ,,,,,,,,,,,,,,,,,,,,,,,,,,,,,,,,,,,,,,,,,,,,,,,,,,,,..,,,,,
Malta,MLT,..,EN.CLC.DRSK.XQ,,,,,,,,,,,,,,,,,,,,,,,,,,,,,,,,,,,,,,,,,,,,,,,,,,,,..,,,,,
Myanmar,MMR,..,EN.CLC.DRSK.XQ,,,,,,,,,,,,,,,,,,,,,,,,,,,,,,,,,,,,,,,,,,,,,,,,,,,,..,,,,,
Middle East & North Africa (excluding high income),MNA,..,EN.CLC.DRSK.XQ,,,,,,,,,,,,,,,,,,,,,,,,,,,,,,,,,,,,,,,,,,,,,,,,,,,,..,,,,,
Montenegro,MNE,..,EN.CLC.DRSK.XQ,,,,,,,,,,,,,,,,,,,,,,,,,,,,,,,,,,,,,,,,,,,,,,,,,,,,..,,,,,
Mongolia,MNG,2.75,EN.CLC.DRSK.XQ,,,,,,,,,,,,,,,,,,,,,,,,,,,,,,,,,,,,,,,,,,,,,,,,,,,,2.75,,,,,
Northern Mariana Islands,MNP,..,EN.CLC.DRSK.XQ,,,,,,,,,,,,,,,,,,,,,,,,,,,,,,,,,,,,,,,,,,,,,,,,,,,,..,,,,,
Mozambique,MOZ,4,EN.CLC.DRSK.XQ,,,,,,,,,,,,,,,,,,,,,,,,,,,,,,,,,,,,,,,,,,,,,,,,,,,,4,,,,,
Mauritania,MRT,..,EN.CLC.DRSK.XQ,,,,,,,,,,,,,,,,,,,,,,,,,,,,,,,,,,,,,,,,,,,,,,,,,,,,..,,,,,
Mauritius,MUS,3.5,EN.CLC.DRSK.XQ,,,,,,,,,,,,,,,,,,,,,,,,,,,,,,,,,,,,,,,,,,,,,,,,,,,,3.5,,,,,
Malawi,MWI,1.75,EN.CLC.DRSK.XQ,,,,,,,,,,,,,,,,,,,,,,,,,,,,,,,,,,,,,,,,,,,,,,,,,,,,1.75,,,,,
Malaysia,MYS,3.75,EN.CLC.DRSK.XQ,,,,,,,,,,,,,,,,,,,,,,,,,,,,,,,,,,,,,,,,,,,,,,,,,,,,3.75,,,,,
North America,NAC,..,EN.CLC.DRSK.XQ,,,,,,,,,,,,,,,,,,,,,,,,,,,,,,,,,,,,,,,,,,,,,,,,,,,,..,,,,,
Namibia,NAM,..,EN.CLC.DRSK.XQ,,,,,,,,,,,,,,,,,,,,,,,,,,,,,,,,,,,,,,,,,,,,,,,,,,,,..,,,,,
New Caledonia,NCL,..,EN.CLC.DRSK.XQ,,,,,,,,,,,,,,,,,,,,,,,,,,,,,,,,,,,,,,,,,,,,,,,,,,,,..,,,,,
Niger,NER,..,EN.CLC.DRSK.XQ,,,,,,,,,,,,,,,,,,,,,,,,,,,,,,,,,,,,,,,,,,,,,,,,,,,,..,,,,,
Nigeria,NGA,4,EN.CLC.DRSK.XQ,,,,,,,,,,,,,,,,,,,,,,,,,,,,,,,,,,,,,,,,,,,,,,,,,,,,4,,,,,
Nicaragua,NIC,3.75,EN.CLC.DRSK.XQ,,,,,,,,,,,,,,,,,,,,,,,,,,,,,,,,,,,,,,,,,,,,,,,,,,,,3.75,,,,,
Netherlands,NLD,..,EN.CLC.DRSK.XQ,,,,,,,,,,,,,,,,,,,,,,,,,,,,,,,,,,,,,,,,,,,,,,,,,,,,..,,,,,
Norway,NOR,3.75,EN.CLC.DRSK.XQ,,,,,,,,,,,,,,,,,,,,,,,,,,,,,,,,,,,,,,,,,,,,,,,,,,,,3.75,,,,,
Nepal,NPL,2.75,EN.CLC.DRSK.XQ,,,,,,,,,,,,,,,,,,,,,,,,,,,,,,,,,,,,,,,,,,,,,,,,,,,,2.75,,,,,
Nauru,NRU,..,EN.CLC.DRSK.XQ,,,,,,,,,,,,,,,,,,,,,,,,,,,,,,,,,,,,,,,,,,,,,,,,,,,,..,,,,,
New Zealand,NZL,3.75,EN.CLC.DRSK.XQ,,,,,,,,,,,,,,,,,,,,,,,,,,,,,,,,,,,,,,,,,,,,,,,,,,,,3.75,,,,,
OECD members,OED,..,EN.CLC.DRSK.XQ,,,,,,,,,,,,,,,,,,,,,,,,,,,,,,,,,,,,,,,,,,,,,,,,,,,,..,,,,,
Oman,OMN,..,EN.CLC.DRSK.XQ,,,,,,,,,,,,,,,,,,,,,,,,,,,,,,,,,,,,,,,,,,,,,,,,,,,,..,,,,,
Other small states,OSS,..,EN.CLC.DRSK.XQ,,,,,,,,,,,,,,,,,,,,,,,,,,,,,,,,,,,,,,,,,,,,,,,,,,,,..,,,,,
Pakistan,PAK,3.5,EN.CLC.DRSK.XQ,,,,,,,,,,,,,,,,,,,,,,,,,,,,,,,,,,,,,,,,,,,,,,,,,,,,3.5,,,,,
Panama,PAN,3,EN.CLC.DRSK.XQ,,,,,,,,,,,,,,,,,,,,,,,,,,,,,,,,,,,,,,,,,,,,,,,,,,,,3,,,,,
Peru,PER,3,EN.CLC.DRSK.XQ,,,,,,,,,,,,,,,,,,,,,,,,,,,,,,,,,,,,,,,,,,,,,,,,,,,,3,,,,,
Philippines,PHL,..,EN.CLC.DRSK.XQ,,,,,,,,,,,,,,,,,,,,,,,,,,,,,,,,,,,,,,,,,,,,,,,,,,,,..,,,,,
Palau,PLW,..,EN.CLC.DRSK.XQ,,,,,,,,,,,,,,,,,,,,,,,,,,,,,,,,,,,,,,,,,,,,,,,,,,,,..,,,,,
Papua New Guinea,PNG,..,EN.CLC.DRSK.XQ,,,,,,,,,,,,,,,,,,,,,,,,,,,,,,,,,,,,,,,,,,,,,,,,,,,,..,,,,,
Poland,POL,3.25,EN.CLC.DRSK.XQ,,,,,,,,,,,,,,,,,,,,,,,,,,,,,,,,,,,,,,,,,,,,,,,,,,,,3.25,,,,,
Pre-demographic dividend,PRE,..,EN.CLC.DRSK.XQ,,,,,,,,,,,,,,,,,,,,,,,,,,,,,,,,,,,,,,,,,,,,,,,,,,,,..,,,,,
Puerto Rico,PRI,..,EN.CLC.DRSK.XQ,,,,,,,,,,,,,,,,,,,,,,,,,,,,,,,,,,,,,,,,,,,,,,,,,,,,..,,,,,
"Korea, Dem. Peopleâ€™s Rep.",PRK,..,EN.CLC.DRSK.XQ,,,,,,,,,,,,,,,,,,,,,,,,,,,,,,,,,,,,,,,,,,,,,,,,,,,,..,,,,,
Portugal,PRT,..,EN.CLC.DRSK.XQ,,,,,,,,,,,,,,,,,,,,,,,,,,,,,,,,,,,,,,,,,,,,,,,,,,,,..,,,,,
Paraguay,PRY,3.75,EN.CLC.DRSK.XQ,,,,,,,,,,,,,,,,,,,,,,,,,,,,,,,,,,,,,,,,,,,,,,,,,,,,3.75,,,,,
West Bank and Gaza,PSE,..,EN.CLC.DRSK.XQ,,,,,,,,,,,,,,,,,,,,,,,,,,,,,,,,,,,,,,,,,,,,,,,,,,,,..,,,,,
Pacific island small states,PSS,..,EN.CLC.DRSK.XQ,,,,,,,,,,,,,,,,,,,,,,,,,,,,,,,,,,,,,,,,,,,,,,,,,,,,..,,,,,
Post-demographic dividend,PST,..,EN.CLC.DRSK.XQ,,,,,,,,,,,,,,,,,,,,,,,,,,,,,,,,,,,,,,,,,,,,,,,,,,,,..,,,,,
French Polynesia,PYF,..,EN.CLC.DRSK.XQ,,,,,,,,,,,,,,,,,,,,,,,,,,,,,,,,,,,,,,,,,,,,,,,,,,,,..,,,,,
Qatar,QAT,..,EN.CLC.DRSK.XQ,,,,,,,,,,,,,,,,,,,,,,,,,,,,,,,,,,,,,,,,,,,,,,,,,,,,..,,,,,
Romania,ROU,3.25,EN.CLC.DRSK.XQ,,,,,,,,,,,,,,,,,,,,,,,,,,,,,,,,,,,,,,,,,,,,,,,,,,,,3.25,,,,,
Russian Federation,RUS,..,EN.CLC.DRSK.XQ,,,,,,,,,,,,,,,,,,,,,,,,,,,,,,,,,,,,,,,,,,,,,,,,,,,,..,,,,,
Rwanda,RWA,..,EN.CLC.DRSK.XQ,,,,,,,,,,,,,,,,,,,,,,,,,,,,,,,,,,,,,,,,,,,,,,,,,,,,..,,,,,
South Asia,SAS,..,EN.CLC.DRSK.XQ,,,,,,,,,,,,,,,,,,,,,,,,,,,,,,,,,,,,,,,,,,,,,,,,,,,,..,,,,,
Saudi Arabia,SAU,..,EN.CLC.DRSK.XQ,,,,,,,,,,,,,,,,,,,,,,,,,,,,,,,,,,,,,,,,,,,,,,,,,,,,..,,,,,
Sudan,SDN,..,EN.CLC.DRSK.XQ,,,,,,,,,,,,,,,,,,,,,,,,,,,,,,,,,,,,,,,,,,,,,,,,,,,,..,,,,,
Senegal,SEN,2.75,EN.CLC.DRSK.XQ,,,,,,,,,,,,,,,,,,,,,,,,,,,,,,,,,,,,,,,,,,,,,,,,,,,,2.75,,,,,
Singapore,SGP,..,EN.CLC.DRSK.XQ,,,,,,,,,,,,,,,,,,,,,,,,,,,,,,,,,,,,,,,,,,,,,,,,,,,,..,,,,,
Solomon Islands,SLB,2,EN.CLC.DRSK.XQ,,,,,,,,,,,,,,,,,,,,,,,,,,,,,,,,,,,,,,,,,,,,,,,,,,,,2,,,,,
Sierra Leone,SLE,3,EN.CLC.DRSK.XQ,,,,,,,,,,,,,,,,,,,,,,,,,,,,,,,,,,,,,,,,,,,,,,,,,,,,3,,,,,
El Salvador,SLV,3.25,EN.CLC.DRSK.XQ,,,,,,,,,,,,,,,,,,,,,,,,,,,,,,,,,,,,,,,,,,,,,,,,,,,,3.25,,,,,
San Marino,SMR,..,EN.CLC.DRSK.XQ,,,,,,,,,,,,,,,,,,,,,,,,,,,,,,,,,,,,,,,,,,,,,,,,,,,,..,,,,,
Somalia,SOM,..,EN.CLC.DRSK.XQ,,,,,,,,,,,,,,,,,,,,,,,,,,,,,,,,,,,,,,,,,,,,,,,,,,,,..,,,,,
Serbia,SRB,..,EN.CLC.DRSK.XQ,,,,,,,,,,,,,,,,,,,,,,,,,,,,,,,,,,,,,,,,,,,,,,,,,,,,..,,,,,
Sub-Saharan Africa (excluding high income),SSA,..,EN.CLC.DRSK.XQ,,,,,,,,,,,,,,,,,,,,,,,,,,,,,,,,,,,,,,,,,,,,,,,,,,,,..,,,,,
South Sudan,SSD,..,EN.CLC.DRSK.XQ,,,,,,,,,,,,,,,,,,,,,,,,,,,,,,,,,,,,,,,,,,,,,,,,,,,,..,,,,,
Sub-Saharan Africa,SSF,..,EN.CLC.DRSK.XQ,,,,,,,,,,,,,,,,,,,,,,,,,,,,,,,,,,,,,,,,,,,,,,,,,,,,..,,,,,
Small states,SST,..,EN.CLC.DRSK.XQ,,,,,,,,,,,,,,,,,,,,,,,,,,,,,,,,,,,,,,,,,,,,,,,,,,,,..,,,,,
Sao Tome and Principe,STP,..,EN.CLC.DRSK.XQ,,,,,,,,,,,,,,,,,,,,,,,,,,,,,,,,,,,,,,,,,,,,,,,,,,,,..,,,,,
Suriname,SUR,..,EN.CLC.DRSK.XQ,,,,,,,,,,,,,,,,,,,,,,,,,,,,,,,,,,,,,,,,,,,,,,,,,,,,..,,,,,
Slovak Republic,SVK,..,EN.CLC.DRSK.XQ,,,,,,,,,,,,,,,,,,,,,,,,,,,,,,,,,,,,,,,,,,,,,,,,,,,,..,,,,,
Slovenia,SVN,..,EN.CLC.DRSK.XQ,,,,,,,,,,,,,,,,,,,,,,,,,,,,,,,,,,,,,,,,,,,,,,,,,,,,..,,,,,
Sweden,SWE,3.75,EN.CLC.DRSK.XQ,,,,,,,,,,,,,,,,,,,,,,,,,,,,,,,,,,,,,,,,,,,,,,,,,,,,3.75,,,,,
Swaziland,SWZ,..,EN.CLC.DRSK.XQ,,,,,,,,,,,,,,,,,,,,,,,,,,,,,,,,,,,,,,,,,,,,,,,,,,,,..,,,,,
Sint Maarten (Dutch part),SXM,..,EN.CLC.DRSK.XQ,,,,,,,,,,,,,,,,,,,,,,,,,,,,,,,,,,,,,,,,,,,,,,,,,,,,..,,,,,
Seychelles,SYC,..,EN.CLC.DRSK.XQ,,,,,,,,,,,,,,,,,,,,,,,,,,,,,,,,,,,,,,,,,,,,,,,,,,,,..,,,,,
Syrian Arab Republic,SYR,3.5,EN.CLC.DRSK.XQ,,,,,,,,,,,,,,,,,,,,,,,,,,,,,,,,,,,,,,,,,,,,,,,,,,,,3.5,,,,,
Turks and Caicos Islands,TCA,2.25,EN.CLC.DRSK.XQ,,,,,,,,,,,,,,,,,,,,,,,,,,,,,,,,,,,,,,,,,,,,,,,,,,,,2.25,,,,,
Chad,TCD,..,EN.CLC.DRSK.XQ,,,,,,,,,,,,,,,,,,,,,,,,,,,,,,,,,,,,,,,,,,,,,,,,,,,,..,,,,,
East Asia & Pacific (IDA & IBRD countries),TEA,..,EN.CLC.DRSK.XQ,,,,,,,,,,,,,,,,,,,,,,,,,,,,,,,,,,,,,,,,,,,,,,,,,,,,..,,,,,
Europe & Central Asia (IDA & IBRD countries),TEC,..,EN.CLC.DRSK.XQ,,,,,,,,,,,,,,,,,,,,,,,,,,,,,,,,,,,,,,,,,,,,,,,,,,,,..,,,,,
Togo,TGO,..,EN.CLC.DRSK.XQ,,,,,,,,,,,,,,,,,,,,,,,,,,,,,,,,,,,,,,,,,,,,,,,,,,,,..,,,,,
Thailand,THA,3.75,EN.CLC.DRSK.XQ,,,,,,,,,,,,,,,,,,,,,,,,,,,,,,,,,,,,,,,,,,,,,,,,,,,,3.75,,,,,
Tajikistan,TJK,..,EN.CLC.DRSK.XQ,,,,,,,,,,,,,,,,,,,,,,,,,,,,,,,,,,,,,,,,,,,,,,,,,,,,..,,,,,
Turkmenistan,TKM,..,EN.CLC.DRSK.XQ,,,,,,,,,,,,,,,,,,,,,,,,,,,,,,,,,,,,,,,,,,,,,,,,,,,,..,,,,,
Latin America & the Caribbean (IDA & IBRD countries),TLA,..,EN.CLC.DRSK.XQ,,,,,,,,,,,,,,,,,,,,,,,,,,,,,,,,,,,,,,,,,,,,,,,,,,,,..,,,,,
Timor-Leste,TLS,..,EN.CLC.DRSK.XQ,,,,,,,,,,,,,,,,,,,,,,,,,,,,,,,,,,,,,,,,,,,,,,,,,,,,..,,,,,
Middle East & North Africa (IDA & IBRD countries),TMN,..,EN.CLC.DRSK.XQ,,,,,,,,,,,,,,,,,,,,,,,,,,,,,,,,,,,,,,,,,,,,,,,,,,,,..,,,,,
Tonga,TON,..,EN.CLC.DRSK.XQ,,,,,,,,,,,,,,,,,,,,,,,,,,,,,,,,,,,,,,,,,,,,,,,,,,,,..,,,,,
South Asia (IDA & IBRD),TSA,..,EN.CLC.DRSK.XQ,,,,,,,,,,,,,,,,,,,,,,,,,,,,,,,,,,,,,,,,,,,,,,,,,,,,..,,,,,
Sub-Saharan Africa (IDA & IBRD countries),TSS,..,EN.CLC.DRSK.XQ,,,,,,,,,,,,,,,,,,,,,,,,,,,,,,,,,,,,,,,,,,,,,,,,,,,,..,,,,,
Trinidad and Tobago,TTO,..,EN.CLC.DRSK.XQ,,,,,,,,,,,,,,,,,,,,,,,,,,,,,,,,,,,,,,,,,,,,,,,,,,,,..,,,,,
Tunisia,TUN,..,EN.CLC.DRSK.XQ,,,,,,,,,,,,,,,,,,,,,,,,,,,,,,,,,,,,,,,,,,,,,,,,,,,,..,,,,,
Turkey,TUR,..,EN.CLC.DRSK.XQ,,,,,,,,,,,,,,,,,,,,,,,,,,,,,,,,,,,,,,,,,,,,,,,,,,,,..,,,,,
Tuvalu,TUV,..,EN.CLC.DRSK.XQ,,,,,,,,,,,,,,,,,,,,,,,,,,,,,,,,,,,,,,,,,,,,,,,,,,,,..,,,,,
Tanzania,TZA,3.5,EN.CLC.DRSK.XQ,,,,,,,,,,,,,,,,,,,,,,,,,,,,,,,,,,,,,,,,,,,,,,,,,,,,3.5,,,,,
Uganda,UGA,..,EN.CLC.DRSK.XQ,,,,,,,,,,,,,,,,,,,,,,,,,,,,,,,,,,,,,,,,,,,,,,,,,,,,..,,,,,
Ukraine,UKR,..,EN.CLC.DRSK.XQ,,,,,,,,,,,,,,,,,,,,,,,,,,,,,,,,,,,,,,,,,,,,,,,,,,,,..,,,,,
Upper middle income,UMC,..,EN.CLC.DRSK.XQ,,,,,,,,,,,,,,,,,,,,,,,,,,,,,,,,,,,,,,,,,,,,,,,,,,,,..,,,,,
Uruguay,URY,..,EN.CLC.DRSK.XQ,,,,,,,,,,,,,,,,,,,,,,,,,,,,,,,,,,,,,,,,,,,,,,,,,,,,..,,,,,
United States,USA,3.5,EN.CLC.DRSK.XQ,,,,,,,,,,,,,,,,,,,,,,,,,,,,,,,,,,,,,,,,,,,,,,,,,,,,3.5,,,,,
Uzbekistan,UZB,..,EN.CLC.DRSK.XQ,,,,,,,,,,,,,,,,,,,,,,,,,,,,,,,,,,,,,,,,,,,,,,,,,,,,..,,,,,
St. Vincent and the Grenadines,VCT,..,EN.CLC.DRSK.XQ,,,,,,,,,,,,,,,,,,,,,,,,,,,,,,,,,,,,,,,,,,,,,,,,,,,,..,,,,,
"Venezuela, RB",VEN,2.75,EN.CLC.DRSK.XQ,,,,,,,,,,,,,,,,,,,,,,,,,,,,,,,,,,,,,,,,,,,,,,,,,,,,2.75,,,,,
British Virgin Islands,VGB,..,EN.CLC.DRSK.XQ,,,,,,,,,,,,,,,,,,,,,,,,,,,,,,,,,,,,,,,,,,,,,,,,,,,,..,,,,,
Virgin Islands (U.S.),VIR,..,EN.CLC.DRSK.XQ,,,,,,,,,,,,,,,,,,,,,,,,,,,,,,,,,,,,,,,,,,,,,,,,,,,,..,,,,,
Vietnam,VNM,..,EN.CLC.DRSK.XQ,,,,,,,,,,,,,,,,,,,,,,,,,,,,,,,,,,,,,,,,,,,,,,,,,,,,..,,,,,
Vanuatu,VUT,2,EN.CLC.DRSK.XQ,,,,,,,,,,,,,,,,,,,,,,,,,,,,,,,,,,,,,,,,,,,,,,,,,,,,2,,,,,
World,WLD,..,EN.CLC.DRSK.XQ,,,,,,,,,,,,,,,,,,,,,,,,,,,,,,,,,,,,,,,,,,,,,,,,,,,,..,,,,,
Samoa,WSM,3.5,EN.CLC.DRSK.XQ,,,,,,,,,,,,,,,,,,,,,,,,,,,,,,,,,,,,,,,,,,,,,,,,,,,,3.5,,,,,
Kosovo,XKX,..,EN.CLC.DRSK.XQ,,,,,,,,,,,,,,,,,,,,,,,,,,,,,,,,,,,,,,,,,,,,,,,,,,,,..,,,,,
"Yemen, Rep.",YEM,2.25,EN.CLC.DRSK.XQ,,,,,,,,,,,,,,,,,,,,,,,,,,,,,,,,,,,,,,,,,,,,,,,,,,,,2.25,,,,,
South Africa,ZAF,..,EN.CLC.DRSK.XQ,,,,,,,,,,,,,,,,,,,,,,,,,,,,,,,,,,,,,,,,,,,,,,,,,,,,..,,,,,
Zambia,ZMB,3.75,EN.CLC.DRSK.XQ,,,,,,,,,,,,,,,,,,,,,,,,,,,,,,,,,,,,,,,,,,,,,,,,,,,,3.75,,,,,
Zimbabwe,ZWE,..,EN.CLC.DRSK.XQ,,,,,,,,,,,,,,,,,,,,,,,,,,,,,,,,,,,,,,,,,,,,,,,,,,,,..,,,,,
