Country Name,Country Code,Indicator Name,Indicator Code,1960,1961,1962,1963,1964,1965,1966,1967,1968,1969,1970,1971,1972,1973,1974,1975,1976,1977,1978,1979,1980,1981,1982,1983,1984,1985,1986,1987,1988,1989,1990,1991,1992,1993,1994,1995,1996,1997,1998,1999,2000,2001,2002,2003,2004,2005,2006,2007,2008,2009,2010,2011,2012,2013,2014,2015,2016
Aruba,ABW,Disaster risk reduction progress score (1-5 scale; 5=best),EN.CLC.DRSK.XQ,,,,,,,,,,,,,,,,,,,,,,,,,,,,,,,,,,,,,,,,,,,,,,,,,,,,..,,,,,
Afghanistan,AFG,Disaster risk reduction progress score (1-5 scale; 5=best),EN.CLC.DRSK.XQ,,,,,,,,,,,,,,,,,,,,,,,,,,,,,,,,,,,,,,,,,,,,,,,,,,,,..,,,,,
Angola,AGO,Disaster risk reduction progress score (1-5 scale; 5=best),EN.CLC.DRSK.XQ,,,,,,,,,,,,,,,,,,,,,,,,,,,,,,,,,,,,,,,,,,,,,,,,,,,,..,,,,,
Albania,ALB,Disaster risk reduction progress score (1-5 scale; 5=best),EN.CLC.DRSK.XQ,,,,,,,,,,,,,,,,,,,,,,,,,,,,,,,,,,,,,,,,,,,,,,,,,,,,..,,,,,
Andorra,AND,Disaster risk reduction progress score (1-5 scale; 5=best),EN.CLC.DRSK.XQ,,,,,,,,,,,,,,,,,,,,,,,,,,,,,,,,,,,,,,,,,,,,,,,,,,,,..,,,,,
Arab World,ARB,Disaster risk reduction progress score (1-5 scale; 5=best),EN.CLC.DRSK.XQ,,,,,,,,,,,,,,,,,,,,,,,,,,,,,,,,,,,,,,,,,,,,,,,,,,,,..,,,,,
United Arab Emirates,ARE,Disaster risk reduction progress score (1-5 scale; 5=best),EN.CLC.DRSK.XQ,,,,,,,,,,,,,,,,,,,,,,,,,,,,,,,,,,,,,,,,,,,,,,,,,,,,..,,,,,
Argentina,ARG,Disaster risk reduction progress score (1-5 scale; 5=best),EN.CLC.DRSK.XQ,,,,,,,,,,,,,,,,,,,,,,,,,,,,,,,,,,,,,,,,,,,,,,,,,,,,3.25,,,,,
Armenia,ARM,Disaster risk reduction progress score (1-5 scale; 5=best),EN.CLC.DRSK.XQ,,,,,,,,,,,,,,,,,,,,,,,,,,,,,,,,,,,,,,,,,,,,,,,,,,,,3,,,,,
American Samoa,ASM,Disaster risk reduction progress score (1-5 scale; 5=best),EN.CLC.DRSK.XQ,,,,,,,,,,,,,,,,,,,,,,,,,,,,,,,,,,,,,,,,,,,,,,,,,,,,..,,,,,
Antigua and Barbuda,ATG,Disaster risk reduction progress score (1-5 scale; 5=best),EN.CLC.DRSK.XQ,,,,,,,,,,,,,,,,,,,,,,,,,,,,,,,,,,,,,,,,,,,,,,,,,,,,2.75,,,,,
Australia,AUS,Disaster risk reduction progress score (1-5 scale; 5=best),EN.CLC.DRSK.XQ,,,,,,,,,,,,,,,,,,,,,,,,,,,,,,,,,,,,,,,,,,,,,,,,,,,,4,,,,,
Austria,AUT,Disaster risk reduction progress score (1-5 scale; 5=best),EN.CLC.DRSK.XQ,,,,,,,,,,,,,,,,,,,,,,,,,,,,,,,,,,,,,,,,,,,,,,,,,,,,..,,,,,
Azerbaijan,AZE,Disaster risk reduction progress score (1-5 scale; 5=best),EN.CLC.DRSK.XQ,,,,,,,,,,,,,,,,,,,,,,,,,,,,,,,,,,,,,,,,,,,,,,,,,,,,..,,,,,
Burundi,BDI,Disaster risk reduction progress score (1-5 scale; 5=best),EN.CLC.DRSK.XQ,,,,,,,,,,,,,,,,,,,,,,,,,,,,,,,,,,,,,,,,,,,,,,,,,,,,3.25,,,,,
Belgium,BEL,Disaster risk reduction progress score (1-5 scale; 5=best),EN.CLC.DRSK.XQ,,,,,,,,,,,,,,,,,,,,,,,,,,,,,,,,,,,,,,,,,,,,,,,,,,,,..,,,,,
Benin,BEN,Disaster risk reduction progress score (1-5 scale; 5=best),EN.CLC.DRSK.XQ,,,,,,,,,,,,,,,,,,,,,,,,,,,,,,,,,,,,,,,,,,,,,,,,,,,,..,,,,,
Burkina Faso,BFA,Disaster risk reduction progress score (1-5 scale; 5=best),EN.CLC.DRSK.XQ,,,,,,,,,,,,,,,,,,,,,,,,,,,,,,,,,,,,,,,,,,,,,,,,,,,,..,,,,,
Bangladesh,BGD,Disaster risk reduction progress score (1-5 scale; 5=best),EN.CLC.DRSK.XQ,,,,,,,,,,,,,,,,,,,,,,,,,,,,,,,,,,,,,,,,,,,,,,,,,,,,4,,,,,
Bulgaria,BGR,Disaster risk reduction progress score (1-5 scale; 5=best),EN.CLC.DRSK.XQ,,,,,,,,,,,,,,,,,,,,,,,,,,,,,,,,,,,,,,,,,,,,,,,,,,,,3.5,,,,,
Bahrain,BHR,Disaster risk reduction progress score (1-5 scale; 5=best),EN.CLC.DRSK.XQ,,,,,,,,,,,,,,,,,,,,,,,,,,,,,,,,,,,,,,,,,,,,,,,,,,,,..,,,,,
"Bahamas, The",BHS,Disaster risk reduction progress score (1-5 scale; 5=best),EN.CLC.DRSK.XQ,,,,,,,,,,,,,,,,,,,,,,,,,,,,,,,,,,,,,,,,,,,,,,,,,,,,..,,,,,
Bosnia and Herzegovina,BIH,Disaster risk reduction progress score (1-5 scale; 5=best),EN.CLC.DRSK.XQ,,,,,,,,,,,,,,,,,,,,,,,,,,,,,,,,,,,,,,,,,,,,,,,,,,,,..,,,,,
Belarus,BLR,Disaster risk reduction progress score (1-5 scale; 5=best),EN.CLC.DRSK.XQ,,,,,,,,,,,,,,,,,,,,,,,,,,,,,,,,,,,,,,,,,,,,,,,,,,,,..,,,,,
Belize,BLZ,Disaster risk reduction progress score (1-5 scale; 5=best),EN.CLC.DRSK.XQ,,,,,,,,,,,,,,,,,,,,,,,,,,,,,,,,,,,,,,,,,,,,,,,,,,,,..,,,,,
Bermuda,BMU,Disaster risk reduction progress score (1-5 scale; 5=best),EN.CLC.DRSK.XQ,,,,,,,,,,,,,,,,,,,,,,,,,,,,,,,,,,,,,,,,,,,,,,,,,,,,..,,,,,
Bolivia,BOL,Disaster risk reduction progress score (1-5 scale; 5=best),EN.CLC.DRSK.XQ,,,,,,,,,,,,,,,,,,,,,,,,,,,,,,,,,,,,,,,,,,,,,,,,,,,,2.25,,,,,
Brazil,BRA,Disaster risk reduction progress score (1-5 scale; 5=best),EN.CLC.DRSK.XQ,,,,,,,,,,,,,,,,,,,,,,,,,,,,,,,,,,,,,,,,,,,,,,,,,,,,4.5,,,,,
Barbados,BRB,Disaster risk reduction progress score (1-5 scale; 5=best),EN.CLC.DRSK.XQ,,,,,,,,,,,,,,,,,,,,,,,,,,,,,,,,,,,,,,,,,,,,,,,,,,,,4,,,,,
Brunei Darussalam,BRN,Disaster risk reduction progress score (1-5 scale; 5=best),EN.CLC.DRSK.XQ,,,,,,,,,,,,,,,,,,,,,,,,,,,,,,,,,,,,,,,,,,,,,,,,,,,,2.75,,,,,
Bhutan,BTN,Disaster risk reduction progress score (1-5 scale; 5=best),EN.CLC.DRSK.XQ,,,,,,,,,,,,,,,,,,,,,,,,,,,,,,,,,,,,,,,,,,,,,,,,,,,,..,,,,,
Botswana,BWA,Disaster risk reduction progress score (1-5 scale; 5=best),EN.CLC.DRSK.XQ,,,,,,,,,,,,,,,,,,,,,,,,,,,,,,,,,,,,,,,,,,,,,,,,,,,,3,,,,,
Central African Republic,CAF,Disaster risk reduction progress score (1-5 scale; 5=best),EN.CLC.DRSK.XQ,,,,,,,,,,,,,,,,,,,,,,,,,,,,,,,,,,,,,,,,,,,,,,,,,,,,..,,,,,
Canada,CAN,Disaster risk reduction progress score (1-5 scale; 5=best),EN.CLC.DRSK.XQ,,,,,,,,,,,,,,,,,,,,,,,,,,,,,,,,,,,,,,,,,,,,,,,,,,,,4.25,,,,,
Central Europe and the Baltics,CEB,Disaster risk reduction progress score (1-5 scale; 5=best),EN.CLC.DRSK.XQ,,,,,,,,,,,,,,,,,,,,,,,,,,,,,,,,,,,,,,,,,,,,,,,,,,,,..,,,,,
Switzerland,CHE,Disaster risk reduction progress score (1-5 scale; 5=best),EN.CLC.DRSK.XQ,,,,,,,,,,,,,,,,,,,,,,,,,,,,,,,,,,,,,,,,,,,,,,,,,,,,4.75,,,,,
Channel Islands,CHI,Disaster risk reduction progress score (1-5 scale; 5=best),EN.CLC.DRSK.XQ,,,,,,,,,,,,,,,,,,,,,,,,,,,,,,,,,,,,,,,,,,,,,,,,,,,,..,,,,,
Chile,CHL,Disaster risk reduction progress score (1-5 scale; 5=best),EN.CLC.DRSK.XQ,,,,,,,,,,,,,,,,,,,,,,,,,,,,,,,,,,,,,,,,,,,,,,,,,,,,2.75,,,,,
China,CHN,Disaster risk reduction progress score (1-5 scale; 5=best),EN.CLC.DRSK.XQ,,,,,,,,,,,,,,,,,,,,,,,,,,,,,,,,,,,,,,,,,,,,,,,,,,,,..,,,,,
Cote d'Ivoire,CIV,Disaster risk reduction progress score (1-5 scale; 5=best),EN.CLC.DRSK.XQ,,,,,,,,,,,,,,,,,,,,,,,,,,,,,,,,,,,,,,,,,,,,,,,,,,,,2.5,,,,,
Cameroon,CMR,Disaster risk reduction progress score (1-5 scale; 5=best),EN.CLC.DRSK.XQ,,,,,,,,,,,,,,,,,,,,,,,,,,,,,,,,,,,,,,,,,,,,,,,,,,,,..,,,,,
"Congo, Dem. Rep.",COD,Disaster risk reduction progress score (1-5 scale; 5=best),EN.CLC.DRSK.XQ,,,,,,,,,,,,,,,,,,,,,,,,,,,,,,,,,,,,,,,,,,,,,,,,,,,,..,,,,,
"Congo, Rep.",COG,Disaster risk reduction progress score (1-5 scale; 5=best),EN.CLC.DRSK.XQ,,,,,,,,,,,,,,,,,,,,,,,,,,,,,,,,,,,,,,,,,,,,,,,,,,,,..,,,,,
Colombia,COL,Disaster risk reduction progress score (1-5 scale; 5=best),EN.CLC.DRSK.XQ,,,,,,,,,,,,,,,,,,,,,,,,,,,,,,,,,,,,,,,,,,,,,,,,,,,,3.75,,,,,
Comoros,COM,Disaster risk reduction progress score (1-5 scale; 5=best),EN.CLC.DRSK.XQ,,,,,,,,,,,,,,,,,,,,,,,,,,,,,,,,,,,,,,,,,,,,,,,,,,,,1.75,,,,,
Cabo Verde,CPV,Disaster risk reduction progress score (1-5 scale; 5=best),EN.CLC.DRSK.XQ,,,,,,,,,,,,,,,,,,,,,,,,,,,,,,,,,,,,,,,,,,,,,,,,,,,,3.5,,,,,
Costa Rica,CRI,Disaster risk reduction progress score (1-5 scale; 5=best),EN.CLC.DRSK.XQ,,,,,,,,,,,,,,,,,,,,,,,,,,,,,,,,,,,,,,,,,,,,,,,,,,,,4.5,,,,,
Caribbean small states,CSS,Disaster risk reduction progress score (1-5 scale; 5=best),EN.CLC.DRSK.XQ,,,,,,,,,,,,,,,,,,,,,,,,,,,,,,,,,,,,,,,,,,,,,,,,,,,,..,,,,,
Cuba,CUB,Disaster risk reduction progress score (1-5 scale; 5=best),EN.CLC.DRSK.XQ,,,,,,,,,,,,,,,,,,,,,,,,,,,,,,,,,,,,,,,,,,,,,,,,,,,,4.5,,,,,
Curacao,CUW,Disaster risk reduction progress score (1-5 scale; 5=best),EN.CLC.DRSK.XQ,,,,,,,,,,,,,,,,,,,,,,,,,,,,,,,,,,,,,,,,,,,,,,,,,,,,..,,,,,
Cayman Islands,CYM,Disaster risk reduction progress score (1-5 scale; 5=best),EN.CLC.DRSK.XQ,,,,,,,,,,,,,,,,,,,,,,,,,,,,,,,,,,,,,,,,,,,,,,,,,,,,3,,,,,
Cyprus,CYP,Disaster risk reduction progress score (1-5 scale; 5=best),EN.CLC.DRSK.XQ,,,,,,,,,,,,,,,,,,,,,,,,,,,,,,,,,,,,,,,,,,,,,,,,,,,,..,,,,,
Czech Republic,CZE,Disaster risk reduction progress score (1-5 scale; 5=best),EN.CLC.DRSK.XQ,,,,,,,,,,,,,,,,,,,,,,,,,,,,,,,,,,,,,,,,,,,,,,,,,,,,2.75,,,,,
Germany,DEU,Disaster risk reduction progress score (1-5 scale; 5=best),EN.CLC.DRSK.XQ,,,,,,,,,,,,,,,,,,,,,,,,,,,,,,,,,,,,,,,,,,,,,,,,,,,,4.25,,,,,
Djibouti,DJI,Disaster risk reduction progress score (1-5 scale; 5=best),EN.CLC.DRSK.XQ,,,,,,,,,,,,,,,,,,,,,,,,,,,,,,,,,,,,,,,,,,,,,,,,,,,,..,,,,,
Dominica,DMA,Disaster risk reduction progress score (1-5 scale; 5=best),EN.CLC.DRSK.XQ,,,,,,,,,,,,,,,,,,,,,,,,,,,,,,,,,,,,,,,,,,,,,,,,,,,,..,,,,,
Denmark,DNK,Disaster risk reduction progress score (1-5 scale; 5=best),EN.CLC.DRSK.XQ,,,,,,,,,,,,,,,,,,,,,,,,,,,,,,,,,,,,,,,,,,,,,,,,,,,,..,,,,,
Dominican Republic,DOM,Disaster risk reduction progress score (1-5 scale; 5=best),EN.CLC.DRSK.XQ,,,,,,,,,,,,,,,,,,,,,,,,,,,,,,,,,,,,,,,,,,,,,,,,,,,,3,,,,,
Algeria,DZA,Disaster risk reduction progress score (1-5 scale; 5=best),EN.CLC.DRSK.XQ,,,,,,,,,,,,,,,,,,,,,,,,,,,,,,,,,,,,,,,,,,,,,,,,,,,,3.5,,,,,
East Asia & Pacific (excluding high income),EAP,Disaster risk reduction progress score (1-5 scale; 5=best),EN.CLC.DRSK.XQ,,,,,,,,,,,,,,,,,,,,,,,,,,,,,,,,,,,,,,,,,,,,,,,,,,,,..,,,,,
Early-demographic dividend,EAR,Disaster risk reduction progress score (1-5 scale; 5=best),EN.CLC.DRSK.XQ,,,,,,,,,,,,,,,,,,,,,,,,,,,,,,,,,,,,,,,,,,,,,,,,,,,,..,,,,,
East Asia & Pacific,EAS,Disaster risk reduction progress score (1-5 scale; 5=best),EN.CLC.DRSK.XQ,,,,,,,,,,,,,,,,,,,,,,,,,,,,,,,,,,,,,,,,,,,,,,,,,,,,..,,,,,
Europe & Central Asia (excluding high income),ECA,Disaster risk reduction progress score (1-5 scale; 5=best),EN.CLC.DRSK.XQ,,,,,,,,,,,,,,,,,,,,,,,,,,,,,,,,,,,,,,,,,,,,,,,,,,,,..,,,,,
Europe & Central Asia,ECS,Disaster risk reduction progress score (1-5 scale; 5=best),EN.CLC.DRSK.XQ,,,,,,,,,,,,,,,,,,,,,,,,,,,,,,,,,,,,,,,,,,,,,,,,,,,,..,,,,,
Ecuador,ECU,Disaster risk reduction progress score (1-5 scale; 5=best),EN.CLC.DRSK.XQ,,,,,,,,,,,,,,,,,,,,,,,,,,,,,,,,,,,,,,,,,,,,,,,,,,,,4.75,,,,,
"Egypt, Arab Rep.",EGY,Disaster risk reduction progress score (1-5 scale; 5=best),EN.CLC.DRSK.XQ,,,,,,,,,,,,,,,,,,,,,,,,,,,,,,,,,,,,,,,,,,,,,,,,,,,,..,,,,,
Euro area,EMU,Disaster risk reduction progress score (1-5 scale; 5=best),EN.CLC.DRSK.XQ,,,,,,,,,,,,,,,,,,,,,,,,,,,,,,,,,,,,,,,,,,,,,,,,,,,,..,,,,,
Eritrea,ERI,Disaster risk reduction progress score (1-5 scale; 5=best),EN.CLC.DRSK.XQ,,,,,,,,,,,,,,,,,,,,,,,,,,,,,,,,,,,,,,,,,,,,,,,,,,,,..,,,,,
Spain,ESP,Disaster risk reduction progress score (1-5 scale; 5=best),EN.CLC.DRSK.XQ,,,,,,,,,,,,,,,,,,,,,,,,,,,,,,,,,,,,,,,,,,,,,,,,,,,,..,,,,,
Estonia,EST,Disaster risk reduction progress score (1-5 scale; 5=best),EN.CLC.DRSK.XQ,,,,,,,,,,,,,,,,,,,,,,,,,,,,,,,,,,,,,,,,,,,,,,,,,,,,..,,,,,
Ethiopia,ETH,Disaster risk reduction progress score (1-5 scale; 5=best),EN.CLC.DRSK.XQ,,,,,,,,,,,,,,,,,,,,,,,,,,,,,,,,,,,,,,,,,,,,,,,,,,,,..,,,,,
European Union,EUU,Disaster risk reduction progress score (1-5 scale; 5=best),EN.CLC.DRSK.XQ,,,,,,,,,,,,,,,,,,,,,,,,,,,,,,,,,,,,,,,,,,,,,,,,,,,,..,,,,,
Fragile and conflict affected situations,FCS,Disaster risk reduction progress score (1-5 scale; 5=best),EN.CLC.DRSK.XQ,,,,,,,,,,,,,,,,,,,,,,,,,,,,,,,,,,,,,,,,,,,,,,,,,,,,..,,,,,
Finland,FIN,Disaster risk reduction progress score (1-5 scale; 5=best),EN.CLC.DRSK.XQ,,,,,,,,,,,,,,,,,,,,,,,,,,,,,,,,,,,,,,,,,,,,,,,,,,,,3.5,,,,,
Fiji,FJI,Disaster risk reduction progress score (1-5 scale; 5=best),EN.CLC.DRSK.XQ,,,,,,,,,,,,,,,,,,,,,,,,,,,,,,,,,,,,,,,,,,,,,,,,,,,,2.75,,,,,
France,FRA,Disaster risk reduction progress score (1-5 scale; 5=best),EN.CLC.DRSK.XQ,,,,,,,,,,,,,,,,,,,,,,,,,,,,,,,,,,,,,,,,,,,,,,,,,,,,..,,,,,
Faroe Islands,FRO,Disaster risk reduction progress score (1-5 scale; 5=best),EN.CLC.DRSK.XQ,,,,,,,,,,,,,,,,,,,,,,,,,,,,,,,,,,,,,,,,,,,,,,,,,,,,..,,,,,
"Micronesia, Fed. Sts.",FSM,Disaster risk reduction progress score (1-5 scale; 5=best),EN.CLC.DRSK.XQ,,,,,,,,,,,,,,,,,,,,,,,,,,,,,,,,,,,,,,,,,,,,,,,,,,,,..,,,,,
Gabon,GAB,Disaster risk reduction progress score (1-5 scale; 5=best),EN.CLC.DRSK.XQ,,,,,,,,,,,,,,,,,,,,,,,,,,,,,,,,,,,,,,,,,,,,,,,,,,,,..,,,,,
United Kingdom,GBR,Disaster risk reduction progress score (1-5 scale; 5=best),EN.CLC.DRSK.XQ,,,,,,,,,,,,,,,,,,,,,,,,,,,,,,,,,,,,,,,,,,,,,,,,,,,,..,,,,,
Georgia,GEO,Disaster risk reduction progress score (1-5 scale; 5=best),EN.CLC.DRSK.XQ,,,,,,,,,,,,,,,,,,,,,,,,,,,,,,,,,,,,,,,,,,,,,,,,,,,,2.75,,,,,
Ghana,GHA,Disaster risk reduction progress score (1-5 scale; 5=best),EN.CLC.DRSK.XQ,,,,,,,,,,,,,,,,,,,,,,,,,,,,,,,,,,,,,,,,,,,,,,,,,,,,3.25,,,,,
Gibraltar,GIB,Disaster risk reduction progress score (1-5 scale; 5=best),EN.CLC.DRSK.XQ,,,,,,,,,,,,,,,,,,,,,,,,,,,,,,,,,,,,,,,,,,,,,,,,,,,,..,,,,,
Guinea,GIN,Disaster risk reduction progress score (1-5 scale; 5=best),EN.CLC.DRSK.XQ,,,,,,,,,,,,,,,,,,,,,,,,,,,,,,,,,,,,,,,,,,,,,,,,,,,,..,,,,,
"Gambia, The",GMB,Disaster risk reduction progress score (1-5 scale; 5=best),EN.CLC.DRSK.XQ,,,,,,,,,,,,,,,,,,,,,,,,,,,,,,,,,,,,,,,,,,,,,,,,,,,,..,,,,,
Guinea-Bissau,GNB,Disaster risk reduction progress score (1-5 scale; 5=best),EN.CLC.DRSK.XQ,,,,,,,,,,,,,,,,,,,,,,,,,,,,,,,,,,,,,,,,,,,,,,,,,,,,1,,,,,
Equatorial Guinea,GNQ,Disaster risk reduction progress score (1-5 scale; 5=best),EN.CLC.DRSK.XQ,,,,,,,,,,,,,,,,,,,,,,,,,,,,,,,,,,,,,,,,,,,,,,,,,,,,..,,,,,
Greece,GRC,Disaster risk reduction progress score (1-5 scale; 5=best),EN.CLC.DRSK.XQ,,,,,,,,,,,,,,,,,,,,,,,,,,,,,,,,,,,,,,,,,,,,,,,,,,,,..,,,,,
Grenada,GRD,Disaster risk reduction progress score (1-5 scale; 5=best),EN.CLC.DRSK.XQ,,,,,,,,,,,,,,,,,,,,,,,,,,,,,,,,,,,,,,,,,,,,,,,,,,,,..,,,,,
Greenland,GRL,Disaster risk reduction progress score (1-5 scale; 5=best),EN.CLC.DRSK.XQ,,,,,,,,,,,,,,,,,,,,,,,,,,,,,,,,,,,,,,,,,,,,,,,,,,,,..,,,,,
Guatemala,GTM,Disaster risk reduction progress score (1-5 scale; 5=best),EN.CLC.DRSK.XQ,,,,,,,,,,,,,,,,,,,,,,,,,,,,,,,,,,,,,,,,,,,,,,,,,,,,3.25,,,,,
Guam,GUM,Disaster risk reduction progress score (1-5 scale; 5=best),EN.CLC.DRSK.XQ,,,,,,,,,,,,,,,,,,,,,,,,,,,,,,,,,,,,,,,,,,,,,,,,,,,,..,,,,,
Guyana,GUY,Disaster risk reduction progress score (1-5 scale; 5=best),EN.CLC.DRSK.XQ,,,,,,,,,,,,,,,,,,,,,,,,,,,,,,,,,,,,,,,,,,,,,,,,,,,,..,,,,,
High income,HIC,Disaster risk reduction progress score (1-5 scale; 5=best),EN.CLC.DRSK.XQ,,,,,,,,,,,,,,,,,,,,,,,,,,,,,,,,,,,,,,,,,,,,,,,,,,,,..,,,,,
"Hong Kong SAR, China",HKG,Disaster risk reduction progress score (1-5 scale; 5=best),EN.CLC.DRSK.XQ,,,,,,,,,,,,,,,,,,,,,,,,,,,,,,,,,,,,,,,,,,,,,,,,,,,,..,,,,,
Honduras,HND,Disaster risk reduction progress score (1-5 scale; 5=best),EN.CLC.DRSK.XQ,,,,,,,,,,,,,,,,,,,,,,,,,,,,,,,,,,,,,,,,,,,,,,,,,,,,3.75,,,,,
Heavily indebted poor countries (HIPC),HPC,Disaster risk reduction progress score (1-5 scale; 5=best),EN.CLC.DRSK.XQ,,,,,,,,,,,,,,,,,,,,,,,,,,,,,,,,,,,,,,,,,,,,,,,,,,,,..,,,,,
Croatia,HRV,Disaster risk reduction progress score (1-5 scale; 5=best),EN.CLC.DRSK.XQ,,,,,,,,,,,,,,,,,,,,,,,,,,,,,,,,,,,,,,,,,,,,,,,,,,,,..,,,,,
Haiti,HTI,Disaster risk reduction progress score (1-5 scale; 5=best),EN.CLC.DRSK.XQ,,,,,,,,,,,,,,,,,,,,,,,,,,,,,,,,,,,,,,,,,,,,,,,,,,,,..,,,,,
Hungary,HUN,Disaster risk reduction progress score (1-5 scale; 5=best),EN.CLC.DRSK.XQ,,,,,,,,,,,,,,,,,,,,,,,,,,,,,,,,,,,,,,,,,,,,,,,,,,,,..,,,,,
IBRD only,IBD,Disaster risk reduction progress score (1-5 scale; 5=best),EN.CLC.DRSK.XQ,,,,,,,,,,,,,,,,,,,,,,,,,,,,,,,,,,,,,,,,,,,,,,,,,,,,..,,,,,
IDA & IBRD total,IBT,Disaster risk reduction progress score (1-5 scale; 5=best),EN.CLC.DRSK.XQ,,,,,,,,,,,,,,,,,,,,,,,,,,,,,,,,,,,,,,,,,,,,,,,,,,,,..,,,,,
IDA total,IDA,Disaster risk reduction progress score (1-5 scale; 5=best),EN.CLC.DRSK.XQ,,,,,,,,,,,,,,,,,,,,,,,,,,,,,,,,,,,,,,,,,,,,,,,,,,,,..,,,,,
IDA blend,IDB,Disaster risk reduction progress score (1-5 scale; 5=best),EN.CLC.DRSK.XQ,,,,,,,,,,,,,,,,,,,,,,,,,,,,,,,,,,,,,,,,,,,,,,,,,,,,..,,,,,
Indonesia,IDN,Disaster risk reduction progress score (1-5 scale; 5=best),EN.CLC.DRSK.XQ,,,,,,,,,,,,,,,,,,,,,,,,,,,,,,,,,,,,,,,,,,,,,,,,,,,,3.25,,,,,
IDA only,IDX,Disaster risk reduction progress score (1-5 scale; 5=best),EN.CLC.DRSK.XQ,,,,,,,,,,,,,,,,,,,,,,,,,,,,,,,,,,,,,,,,,,,,,,,,,,,,..,,,,,
Isle of Man,IMN,Disaster risk reduction progress score (1-5 scale; 5=best),EN.CLC.DRSK.XQ,,,,,,,,,,,,,,,,,,,,,,,,,,,,,,,,,,,,,,,,,,,,,,,,,,,,..,,,,,
India,IND,Disaster risk reduction progress score (1-5 scale; 5=best),EN.CLC.DRSK.XQ,,,,,,,,,,,,,,,,,,,,,,,,,,,,,,,,,,,,,,,,,,,,,,,,,,,,3.25,,,,,
Not classified,INX,Disaster risk reduction progress score (1-5 scale; 5=best),EN.CLC.DRSK.XQ,,,,,,,,,,,,,,,,,,,,,,,,,,,,,,,,,,,,,,,,,,,,,,,,,,,,..,,,,,
Ireland,IRL,Disaster risk reduction progress score (1-5 scale; 5=best),EN.CLC.DRSK.XQ,,,,,,,,,,,,,,,,,,,,,,,,,,,,,,,,,,,,,,,,,,,,,,,,,,,,..,,,,,
"Iran, Islamic Rep.",IRN,Disaster risk reduction progress score (1-5 scale; 5=best),EN.CLC.DRSK.XQ,,,,,,,,,,,,,,,,,,,,,,,,,,,,,,,,,,,,,,,,,,,,,,,,,,,,..,,,,,
Iraq,IRQ,Disaster risk reduction progress score (1-5 scale; 5=best),EN.CLC.DRSK.XQ,,,,,,,,,,,,,,,,,,,,,,,,,,,,,,,,,,,,,,,,,,,,,,,,,,,,..,,,,,
Iceland,ISL,Disaster risk reduction progress score (1-5 scale; 5=best),EN.CLC.DRSK.XQ,,,,,,,,,,,,,,,,,,,,,,,,,,,,,,,,,,,,,,,,,,,,,,,,,,,,..,,,,,
Israel,ISR,Disaster risk reduction progress score (1-5 scale; 5=best),EN.CLC.DRSK.XQ,,,,,,,,,,,,,,,,,,,,,,,,,,,,,,,,,,,,,,,,,,,,,,,,,,,,..,,,,,
Italy,ITA,Disaster risk reduction progress score (1-5 scale; 5=best),EN.CLC.DRSK.XQ,,,,,,,,,,,,,,,,,,,,,,,,,,,,,,,,,,,,,,,,,,,,,,,,,,,,3.5,,,,,
Jamaica,JAM,Disaster risk reduction progress score (1-5 scale; 5=best),EN.CLC.DRSK.XQ,,,,,,,,,,,,,,,,,,,,,,,,,,,,,,,,,,,,,,,,,,,,,,,,,,,,3.75,,,,,
Jordan,JOR,Disaster risk reduction progress score (1-5 scale; 5=best),EN.CLC.DRSK.XQ,,,,,,,,,,,,,,,,,,,,,,,,,,,,,,,,,,,,,,,,,,,,,,,,,,,,..,,,,,
Japan,JPN,Disaster risk reduction progress score (1-5 scale; 5=best),EN.CLC.DRSK.XQ,,,,,,,,,,,,,,,,,,,,,,,,,,,,,,,,,,,,,,,,,,,,,,,,,,,,4.5,,,,,
Kazakhstan,KAZ,Disaster risk reduction progress score (1-5 scale; 5=best),EN.CLC.DRSK.XQ,,,,,,,,,,,,,,,,,,,,,,,,,,,,,,,,,,,,,,,,,,,,,,,,,,,,..,,,,,
Kenya,KEN,Disaster risk reduction progress score (1-5 scale; 5=best),EN.CLC.DRSK.XQ,,,,,,,,,,,,,,,,,,,,,,,,,,,,,,,,,,,,,,,,,,,,,,,,,,,,4,,,,,
Kyrgyz Republic,KGZ,Disaster risk reduction progress score (1-5 scale; 5=best),EN.CLC.DRSK.XQ,,,,,,,,,,,,,,,,,,,,,,,,,,,,,,,,,,,,,,,,,,,,,,,,,,,,..,,,,,
Cambodia,KHM,Disaster risk reduction progress score (1-5 scale; 5=best),EN.CLC.DRSK.XQ,,,,,,,,,,,,,,,,,,,,,,,,,,,,,,,,,,,,,,,,,,,,,,,,,,,,..,,,,,
Kiribati,KIR,Disaster risk reduction progress score (1-5 scale; 5=best),EN.CLC.DRSK.XQ,,,,,,,,,,,,,,,,,,,,,,,,,,,,,,,,,,,,,,,,,,,,,,,,,,,,..,,,,,
St. Kitts and Nevis,KNA,Disaster risk reduction progress score (1-5 scale; 5=best),EN.CLC.DRSK.XQ,,,,,,,,,,,,,,,,,,,,,,,,,,,,,,,,,,,,,,,,,,,,,,,,,,,,3.5,,,,,
"Korea, Rep.",KOR,Disaster risk reduction progress score (1-5 scale; 5=best),EN.CLC.DRSK.XQ,,,,,,,,,,,,,,,,,,,,,,,,,,,,,,,,,,,,,,,,,,,,,,,,,,,,..,,,,,
Kuwait,KWT,Disaster risk reduction progress score (1-5 scale; 5=best),EN.CLC.DRSK.XQ,,,,,,,,,,,,,,,,,,,,,,,,,,,,,,,,,,,,,,,,,,,,,,,,,,,,..,,,,,
Latin America & Caribbean (excluding high income),LAC,Disaster risk reduction progress score (1-5 scale; 5=best),EN.CLC.DRSK.XQ,,,,,,,,,,,,,,,,,,,,,,,,,,,,,,,,,,,,,,,,,,,,,,,,,,,,..,,,,,
Lao PDR,LAO,Disaster risk reduction progress score (1-5 scale; 5=best),EN.CLC.DRSK.XQ,,,,,,,,,,,,,,,,,,,,,,,,,,,,,,,,,,,,,,,,,,,,,,,,,,,,2.25,,,,,
Lebanon,LBN,Disaster risk reduction progress score (1-5 scale; 5=best),EN.CLC.DRSK.XQ,,,,,,,,,,,,,,,,,,,,,,,,,,,,,,,,,,,,,,,,,,,,,,,,,,,,3,,,,,
Liberia,LBR,Disaster risk reduction progress score (1-5 scale; 5=best),EN.CLC.DRSK.XQ,,,,,,,,,,,,,,,,,,,,,,,,,,,,,,,,,,,,,,,,,,,,,,,,,,,,..,,,,,
Libya,LBY,Disaster risk reduction progress score (1-5 scale; 5=best),EN.CLC.DRSK.XQ,,,,,,,,,,,,,,,,,,,,,,,,,,,,,,,,,,,,,,,,,,,,,,,,,,,,..,,,,,
St. Lucia,LCA,Disaster risk reduction progress score (1-5 scale; 5=best),EN.CLC.DRSK.XQ,,,,,,,,,,,,,,,,,,,,,,,,,,,,,,,,,,,,,,,,,,,,,,,,,,,,3.25,,,,,
Latin America & Caribbean,LCN,Disaster risk reduction progress score (1-5 scale; 5=best),EN.CLC.DRSK.XQ,,,,,,,,,,,,,,,,,,,,,,,,,,,,,,,,,,,,,,,,,,,,,,,,,,,,..,,,,,
Least developed countries: UN classification,LDC,Disaster risk reduction progress score (1-5 scale; 5=best),EN.CLC.DRSK.XQ,,,,,,,,,,,,,,,,,,,,,,,,,,,,,,,,,,,,,,,,,,,,,,,,,,,,..,,,,,
Low income,LIC,Disaster risk reduction progress score (1-5 scale; 5=best),EN.CLC.DRSK.XQ,,,,,,,,,,,,,,,,,,,,,,,,,,,,,,,,,,,,,,,,,,,,,,,,,,,,..,,,,,
Liechtenstein,LIE,Disaster risk reduction progress score (1-5 scale; 5=best),EN.CLC.DRSK.XQ,,,,,,,,,,,,,,,,,,,,,,,,,,,,,,,,,,,,,,,,,,,,,,,,,,,,..,,,,,
Sri Lanka,LKA,Disaster risk reduction progress score (1-5 scale; 5=best),EN.CLC.DRSK.XQ,,,,,,,,,,,,,,,,,,,,,,,,,,,,,,,,,,,,,,,,,,,,,,,,,,,,3.5,,,,,
Lower middle income,LMC,Disaster risk reduction progress score (1-5 scale; 5=best),EN.CLC.DRSK.XQ,,,,,,,,,,,,,,,,,,,,,,,,,,,,,,,,,,,,,,,,,,,,,,,,,,,,..,,,,,
Low & middle income,LMY,Disaster risk reduction progress score (1-5 scale; 5=best),EN.CLC.DRSK.XQ,,,,,,,,,,,,,,,,,,,,,,,,,,,,,,,,,,,,,,,,,,,,,,,,,,,,..,,,,,
Lesotho,LSO,Disaster risk reduction progress score (1-5 scale; 5=best),EN.CLC.DRSK.XQ,,,,,,,,,,,,,,,,,,,,,,,,,,,,,,,,,,,,,,,,,,,,,,,,,,,,2.5,,,,,
Late-demographic dividend,LTE,Disaster risk reduction progress score (1-5 scale; 5=best),EN.CLC.DRSK.XQ,,,,,,,,,,,,,,,,,,,,,,,,,,,,,,,,,,,,,,,,,,,,,,,,,,,,..,,,,,
Lithuania,LTU,Disaster risk reduction progress score (1-5 scale; 5=best),EN.CLC.DRSK.XQ,,,,,,,,,,,,,,,,,,,,,,,,,,,,,,,,,,,,,,,,,,,,,,,,,,,,..,,,,,
Luxembourg,LUX,Disaster risk reduction progress score (1-5 scale; 5=best),EN.CLC.DRSK.XQ,,,,,,,,,,,,,,,,,,,,,,,,,,,,,,,,,,,,,,,,,,,,,,,,,,,,..,,,,,
Latvia,LVA,Disaster risk reduction progress score (1-5 scale; 5=best),EN.CLC.DRSK.XQ,,,,,,,,,,,,,,,,,,,,,,,,,,,,,,,,,,,,,,,,,,,,,,,,,,,,..,,,,,
"Macao SAR, China",MAC,Disaster risk reduction progress score (1-5 scale; 5=best),EN.CLC.DRSK.XQ,,,,,,,,,,,,,,,,,,,,,,,,,,,,,,,,,,,,,,,,,,,,,,,,,,,,..,,,,,
St. Martin (French part),MAF,Disaster risk reduction progress score (1-5 scale; 5=best),EN.CLC.DRSK.XQ,,,,,,,,,,,,,,,,,,,,,,,,,,,,,,,,,,,,,,,,,,,,,,,,,,,,..,,,,,
Morocco,MAR,Disaster risk reduction progress score (1-5 scale; 5=best),EN.CLC.DRSK.XQ,,,,,,,,,,,,,,,,,,,,,,,,,,,,,,,,,,,,,,,,,,,,,,,,,,,,3,,,,,
Monaco,MCO,Disaster risk reduction progress score (1-5 scale; 5=best),EN.CLC.DRSK.XQ,,,,,,,,,,,,,,,,,,,,,,,,,,,,,,,,,,,,,,,,,,,,,,,,,,,,..,,,,,
Moldova,MDA,Disaster risk reduction progress score (1-5 scale; 5=best),EN.CLC.DRSK.XQ,,,,,,,,,,,,,,,,,,,,,,,,,,,,,,,,,,,,,,,,,,,,,,,,,,,,..,,,,,
Madagascar,MDG,Disaster risk reduction progress score (1-5 scale; 5=best),EN.CLC.DRSK.XQ,,,,,,,,,,,,,,,,,,,,,,,,,,,,,,,,,,,,,,,,,,,,,,,,,,,,3.75,,,,,
Maldives,MDV,Disaster risk reduction progress score (1-5 scale; 5=best),EN.CLC.DRSK.XQ,,,,,,,,,,,,,,,,,,,,,,,,,,,,,,,,,,,,,,,,,,,,,,,,,,,,2.25,,,,,
Middle East & North Africa,MEA,Disaster risk reduction progress score (1-5 scale; 5=best),EN.CLC.DRSK.XQ,,,,,,,,,,,,,,,,,,,,,,,,,,,,,,,,,,,,,,,,,,,,,,,,,,,,..,,,,,
Mexico,MEX,Disaster risk reduction progress score (1-5 scale; 5=best),EN.CLC.DRSK.XQ,,,,,,,,,,,,,,,,,,,,,,,,,,,,,,,,,,,,,,,,,,,,,,,,,,,,4.25,,,,,
Marshall Islands,MHL,Disaster risk reduction progress score (1-5 scale; 5=best),EN.CLC.DRSK.XQ,,,,,,,,,,,,,,,,,,,,,,,,,,,,,,,,,,,,,,,,,,,,,,,,,,,,1.75,,,,,
Middle income,MIC,Disaster risk reduction progress score (1-5 scale; 5=best),EN.CLC.DRSK.XQ,,,,,,,,,,,,,,,,,,,,,,,,,,,,,,,,,,,,,,,,,,,,,,,,,,,,..,,,,,
"Macedonia, FYR",MKD,Disaster risk reduction progress score (1-5 scale; 5=best),EN.CLC.DRSK.XQ,,,,,,,,,,,,,,,,,,,,,,,,,,,,,,,,,,,,,,,,,,,,,,,,,,,,3.25,,,,,
Mali,MLI,Disaster risk reduction progress score (1-5 scale; 5=best),EN.CLC.DRSK.XQ,,,,,,,,,,,,,,,,,,,,,,,,,,,,,,,,,,,,,,,,,,,,,,,,,,,,..,,,,,
Malta,MLT,Disaster risk reduction progress score (1-5 scale; 5=best),EN.CLC.DRSK.XQ,,,,,,,,,,,,,,,,,,,,,,,,,,,,,,,,,,,,,,,,,,,,,,,,,,,,..,,,,,
Myanmar,MMR,Disaster risk reduction progress score (1-5 scale; 5=best),EN.CLC.DRSK.XQ,,,,,,,,,,,,,,,,,,,,,,,,,,,,,,,,,,,,,,,,,,,,,,,,,,,,..,,,,,
Middle East & North Africa (excluding high income),MNA,Disaster risk reduction progress score (1-5 scale; 5=best),EN.CLC.DRSK.XQ,,,,,,,,,,,,,,,,,,,,,,,,,,,,,,,,,,,,,,,,,,,,,,,,,,,,..,,,,,
Montenegro,MNE,Disaster risk reduction progress score (1-5 scale; 5=best),EN.CLC.DRSK.XQ,,,,,,,,,,,,,,,,,,,,,,,,,,,,,,,,,,,,,,,,,,,,,,,,,,,,..,,,,,
Mongolia,MNG,Disaster risk reduction progress score (1-5 scale; 5=best),EN.CLC.DRSK.XQ,,,,,,,,,,,,,,,,,,,,,,,,,,,,,,,,,,,,,,,,,,,,,,,,,,,,2.75,,,,,
Northern Mariana Islands,MNP,Disaster risk reduction progress score (1-5 scale; 5=best),EN.CLC.DRSK.XQ,,,,,,,,,,,,,,,,,,,,,,,,,,,,,,,,,,,,,,,,,,,,,,,,,,,,..,,,,,
Mozambique,MOZ,Disaster risk reduction progress score (1-5 scale; 5=best),EN.CLC.DRSK.XQ,,,,,,,,,,,,,,,,,,,,,,,,,,,,,,,,,,,,,,,,,,,,,,,,,,,,4,,,,,
Mauritania,MRT,Disaster risk reduction progress score (1-5 scale; 5=best),EN.CLC.DRSK.XQ,,,,,,,,,,,,,,,,,,,,,,,,,,,,,,,,,,,,,,,,,,,,,,,,,,,,..,,,,,
Mauritius,MUS,Disaster risk reduction progress score (1-5 scale; 5=best),EN.CLC.DRSK.XQ,,,,,,,,,,,,,,,,,,,,,,,,,,,,,,,,,,,,,,,,,,,,,,,,,,,,3.5,,,,,
Malawi,MWI,Disaster risk reduction progress score (1-5 scale; 5=best),EN.CLC.DRSK.XQ,,,,,,,,,,,,,,,,,,,,,,,,,,,,,,,,,,,,,,,,,,,,,,,,,,,,1.75,,,,,
Malaysia,MYS,Disaster risk reduction progress score (1-5 scale; 5=best),EN.CLC.DRSK.XQ,,,,,,,,,,,,,,,,,,,,,,,,,,,,,,,,,,,,,,,,,,,,,,,,,,,,3.75,,,,,
North America,NAC,Disaster risk reduction progress score (1-5 scale; 5=best),EN.CLC.DRSK.XQ,,,,,,,,,,,,,,,,,,,,,,,,,,,,,,,,,,,,,,,,,,,,,,,,,,,,..,,,,,
Namibia,NAM,Disaster risk reduction progress score (1-5 scale; 5=best),EN.CLC.DRSK.XQ,,,,,,,,,,,,,,,,,,,,,,,,,,,,,,,,,,,,,,,,,,,,,,,,,,,,..,,,,,
New Caledonia,NCL,Disaster risk reduction progress score (1-5 scale; 5=best),EN.CLC.DRSK.XQ,,,,,,,,,,,,,,,,,,,,,,,,,,,,,,,,,,,,,,,,,,,,,,,,,,,,..,,,,,
Niger,NER,Disaster risk reduction progress score (1-5 scale; 5=best),EN.CLC.DRSK.XQ,,,,,,,,,,,,,,,,,,,,,,,,,,,,,,,,,,,,,,,,,,,,,,,,,,,,..,,,,,
Nigeria,NGA,Disaster risk reduction progress score (1-5 scale; 5=best),EN.CLC.DRSK.XQ,,,,,,,,,,,,,,,,,,,,,,,,,,,,,,,,,,,,,,,,,,,,,,,,,,,,4,,,,,
Nicaragua,NIC,Disaster risk reduction progress score (1-5 scale; 5=best),EN.CLC.DRSK.XQ,,,,,,,,,,,,,,,,,,,,,,,,,,,,,,,,,,,,,,,,,,,,,,,,,,,,3.75,,,,,
Netherlands,NLD,Disaster risk reduction progress score (1-5 scale; 5=best),EN.CLC.DRSK.XQ,,,,,,,,,,,,,,,,,,,,,,,,,,,,,,,,,,,,,,,,,,,,,,,,,,,,..,,,,,
Norway,NOR,Disaster risk reduction progress score (1-5 scale; 5=best),EN.CLC.DRSK.XQ,,,,,,,,,,,,,,,,,,,,,,,,,,,,,,,,,,,,,,,,,,,,,,,,,,,,3.75,,,,,
Nepal,NPL,Disaster risk reduction progress score (1-5 scale; 5=best),EN.CLC.DRSK.XQ,,,,,,,,,,,,,,,,,,,,,,,,,,,,,,,,,,,,,,,,,,,,,,,,,,,,2.75,,,,,
Nauru,NRU,Disaster risk reduction progress score (1-5 scale; 5=best),EN.CLC.DRSK.XQ,,,,,,,,,,,,,,,,,,,,,,,,,,,,,,,,,,,,,,,,,,,,,,,,,,,,..,,,,,
New Zealand,NZL,Disaster risk reduction progress score (1-5 scale; 5=best),EN.CLC.DRSK.XQ,,,,,,,,,,,,,,,,,,,,,,,,,,,,,,,,,,,,,,,,,,,,,,,,,,,,3.75,,,,,
OECD members,OED,Disaster risk reduction progress score (1-5 scale; 5=best),EN.CLC.DRSK.XQ,,,,,,,,,,,,,,,,,,,,,,,,,,,,,,,,,,,,,,,,,,,,,,,,,,,,..,,,,,
Oman,OMN,Disaster risk reduction progress score (1-5 scale; 5=best),EN.CLC.DRSK.XQ,,,,,,,,,,,,,,,,,,,,,,,,,,,,,,,,,,,,,,,,,,,,,,,,,,,,..,,,,,
Other small states,OSS,Disaster risk reduction progress score (1-5 scale; 5=best),EN.CLC.DRSK.XQ,,,,,,,,,,,,,,,,,,,,,,,,,,,,,,,,,,,,,,,,,,,,,,,,,,,,..,,,,,
Pakistan,PAK,Disaster risk reduction progress score (1-5 scale; 5=best),EN.CLC.DRSK.XQ,,,,,,,,,,,,,,,,,,,,,,,,,,,,,,,,,,,,,,,,,,,,,,,,,,,,3.5,,,,,
Panama,PAN,Disaster risk reduction progress score (1-5 scale; 5=best),EN.CLC.DRSK.XQ,,,,,,,,,,,,,,,,,,,,,,,,,,,,,,,,,,,,,,,,,,,,,,,,,,,,3,,,,,
Peru,PER,Disaster risk reduction progress score (1-5 scale; 5=best),EN.CLC.DRSK.XQ,,,,,,,,,,,,,,,,,,,,,,,,,,,,,,,,,,,,,,,,,,,,,,,,,,,,3,,,,,
Philippines,PHL,Disaster risk reduction progress score (1-5 scale; 5=best),EN.CLC.DRSK.XQ,,,,,,,,,,,,,,,,,,,,,,,,,,,,,,,,,,,,,,,,,,,,,,,,,,,,..,,,,,
Palau,PLW,Disaster risk reduction progress score (1-5 scale; 5=best),EN.CLC.DRSK.XQ,,,,,,,,,,,,,,,,,,,,,,,,,,,,,,,,,,,,,,,,,,,,,,,,,,,,..,,,,,
Papua New Guinea,PNG,Disaster risk reduction progress score (1-5 scale; 5=best),EN.CLC.DRSK.XQ,,,,,,,,,,,,,,,,,,,,,,,,,,,,,,,,,,,,,,,,,,,,,,,,,,,,..,,,,,
Poland,POL,Disaster risk reduction progress score (1-5 scale; 5=best),EN.CLC.DRSK.XQ,,,,,,,,,,,,,,,,,,,,,,,,,,,,,,,,,,,,,,,,,,,,,,,,,,,,3.25,,,,,
Pre-demographic dividend,PRE,Disaster risk reduction progress score (1-5 scale; 5=best),EN.CLC.DRSK.XQ,,,,,,,,,,,,,,,,,,,,,,,,,,,,,,,,,,,,,,,,,,,,,,,,,,,,..,,,,,
Puerto Rico,PRI,Disaster risk reduction progress score (1-5 scale; 5=best),EN.CLC.DRSK.XQ,,,,,,,,,,,,,,,,,,,,,,,,,,,,,,,,,,,,,,,,,,,,,,,,,,,,..,,,,,
"Korea, Dem. Peopleâ€™s Rep.",PRK,Disaster risk reduction progress score (1-5 scale; 5=best),EN.CLC.DRSK.XQ,,,,,,,,,,,,,,,,,,,,,,,,,,,,,,,,,,,,,,,,,,,,,,,,,,,,..,,,,,
Portugal,PRT,Disaster risk reduction progress score (1-5 scale; 5=best),EN.CLC.DRSK.XQ,,,,,,,,,,,,,,,,,,,,,,,,,,,,,,,,,,,,,,,,,,,,,,,,,,,,..,,,,,
Paraguay,PRY,Disaster risk reduction progress score (1-5 scale; 5=best),EN.CLC.DRSK.XQ,,,,,,,,,,,,,,,,,,,,,,,,,,,,,,,,,,,,,,,,,,,,,,,,,,,,3.75,,,,,
West Bank and Gaza,PSE,Disaster risk reduction progress score (1-5 scale; 5=best),EN.CLC.DRSK.XQ,,,,,,,,,,,,,,,,,,,,,,,,,,,,,,,,,,,,,,,,,,,,,,,,,,,,..,,,,,
Pacific island small states,PSS,Disaster risk reduction progress score (1-5 scale; 5=best),EN.CLC.DRSK.XQ,,,,,,,,,,,,,,,,,,,,,,,,,,,,,,,,,,,,,,,,,,,,,,,,,,,,..,,,,,
Post-demographic dividend,PST,Disaster risk reduction progress score (1-5 scale; 5=best),EN.CLC.DRSK.XQ,,,,,,,,,,,,,,,,,,,,,,,,,,,,,,,,,,,,,,,,,,,,,,,,,,,,..,,,,,
French Polynesia,PYF,Disaster risk reduction progress score (1-5 scale; 5=best),EN.CLC.DRSK.XQ,,,,,,,,,,,,,,,,,,,,,,,,,,,,,,,,,,,,,,,,,,,,,,,,,,,,..,,,,,
Qatar,QAT,Disaster risk reduction progress score (1-5 scale; 5=best),EN.CLC.DRSK.XQ,,,,,,,,,,,,,,,,,,,,,,,,,,,,,,,,,,,,,,,,,,,,,,,,,,,,..,,,,,
Romania,ROU,Disaster risk reduction progress score (1-5 scale; 5=best),EN.CLC.DRSK.XQ,,,,,,,,,,,,,,,,,,,,,,,,,,,,,,,,,,,,,,,,,,,,,,,,,,,,3.25,,,,,
Russian Federation,RUS,Disaster risk reduction progress score (1-5 scale; 5=best),EN.CLC.DRSK.XQ,,,,,,,,,,,,,,,,,,,,,,,,,,,,,,,,,,,,,,,,,,,,,,,,,,,,..,,,,,
Rwanda,RWA,Disaster risk reduction progress score (1-5 scale; 5=best),EN.CLC.DRSK.XQ,,,,,,,,,,,,,,,,,,,,,,,,,,,,,,,,,,,,,,,,,,,,,,,,,,,,..,,,,,
South Asia,SAS,Disaster risk reduction progress score (1-5 scale; 5=best),EN.CLC.DRSK.XQ,,,,,,,,,,,,,,,,,,,,,,,,,,,,,,,,,,,,,,,,,,,,,,,,,,,,..,,,,,
Saudi Arabia,SAU,Disaster risk reduction progress score (1-5 scale; 5=best),EN.CLC.DRSK.XQ,,,,,,,,,,,,,,,,,,,,,,,,,,,,,,,,,,,,,,,,,,,,,,,,,,,,..,,,,,
Sudan,SDN,Disaster risk reduction progress score (1-5 scale; 5=best),EN.CLC.DRSK.XQ,,,,,,,,,,,,,,,,,,,,,,,,,,,,,,,,,,,,,,,,,,,,,,,,,,,,..,,,,,
Senegal,SEN,Disaster risk reduction progress score (1-5 scale; 5=best),EN.CLC.DRSK.XQ,,,,,,,,,,,,,,,,,,,,,,,,,,,,,,,,,,,,,,,,,,,,,,,,,,,,2.75,,,,,
Singapore,SGP,Disaster risk reduction progress score (1-5 scale; 5=best),EN.CLC.DRSK.XQ,,,,,,,,,,,,,,,,,,,,,,,,,,,,,,,,,,,,,,,,,,,,,,,,,,,,,,,,,
Solomon Islands,SLB,Disaster risk reduction progress score (1-5 scale; 5=best),EN.CLC.DRSK.XQ,,,,,,,,,,,,,,,,,,,,,,,,,,,,,,,,,,,,,,,,,,,,,,,,,,,,2,,,,,
Sierra Leone,SLE,Disaster risk reduction progress score (1-5 scale; 5=best),EN.CLC.DRSK.XQ,,,,,,,,,,,,,,,,,,,,,,,,,,,,,,,,,,,,,,,,,,,,,,,,,,,,3,,,,,
El Salvador,SLV,Disaster risk reduction progress score (1-5 scale; 5=best),EN.CLC.DRSK.XQ,,,,,,,,,,,,,,,,,,,,,,,,,,,,,,,,,,,,,,,,,,,,,,,,,,,,3.25,,,,,
San Marino,SMR,Disaster risk reduction progress score (1-5 scale; 5=best),EN.CLC.DRSK.XQ,,,,,,,,,,,,,,,,,,,,,,,,,,,,,,,,,,,,,,,,,,,,,,,,,,,,..,,,,,
Somalia,SOM,Disaster risk reduction progress score (1-5 scale; 5=best),EN.CLC.DRSK.XQ,,,,,,,,,,,,,,,,,,,,,,,,,,,,,,,,,,,,,,,,,,,,,,,,,,,,..,,,,,
Serbia,SRB,Disaster risk reduction progress score (1-5 scale; 5=best),EN.CLC.DRSK.XQ,,,,,,,,,,,,,,,,,,,,,,,,,,,,,,,,,,,,,,,,,,,,,,,,,,,,..,,,,,
Sub-Saharan Africa (excluding high income),SSA,Disaster risk reduction progress score (1-5 scale; 5=best),EN.CLC.DRSK.XQ,,,,,,,,,,,,,,,,,,,,,,,,,,,,,,,,,,,,,,,,,,,,,,,,,,,,..,,,,,
South Sudan,SSD,Disaster risk reduction progress score (1-5 scale; 5=best),EN.CLC.DRSK.XQ,,,,,,,,,,,,,,,,,,,,,,,,,,,,,,,,,,,,,,,,,,,,,,,,,,,,..,,,,,
Sub-Saharan Africa,SSF,Disaster risk reduction progress score (1-5 scale; 5=best),EN.CLC.DRSK.XQ,,,,,,,,,,,,,,,,,,,,,,,,,,,,,,,,,,,,,,,,,,,,,,,,,,,,..,,,,,
Small states,SST,Disaster risk reduction progress score (1-5 scale; 5=best),EN.CLC.DRSK.XQ,,,,,,,,,,,,,,,,,,,,,,,,,,,,,,,,,,,,,,,,,,,,,,,,,,,,..,,,,,
Sao Tome and Principe,STP,Disaster risk reduction progress score (1-5 scale; 5=best),EN.CLC.DRSK.XQ,,,,,,,,,,,,,,,,,,,,,,,,,,,,,,,,,,,,,,,,,,,,,,,,,,,,..,,,,,
Suriname,SUR,Disaster risk reduction progress score (1-5 scale; 5=best),EN.CLC.DRSK.XQ,,,,,,,,,,,,,,,,,,,,,,,,,,,,,,,,,,,,,,,,,,,,,,,,,,,,..,,,,,
Slovak Republic,SVK,Disaster risk reduction progress score (1-5 scale; 5=best),EN.CLC.DRSK.XQ,,,,,,,,,,,,,,,,,,,,,,,,,,,,,,,,,,,,,,,,,,,,,,,,,,,,..,,,,,
Slovenia,SVN,Disaster risk reduction progress score (1-5 scale; 5=best),EN.CLC.DRSK.XQ,,,,,,,,,,,,,,,,,,,,,,,,,,,,,,,,,,,,,,,,,,,,,,,,,,,,..,,,,,
Sweden,SWE,Disaster risk reduction progress score (1-5 scale; 5=best),EN.CLC.DRSK.XQ,,,,,,,,,,,,,,,,,,,,,,,,,,,,,,,,,,,,,,,,,,,,,,,,,,,,3.75,,,,,
Swaziland,SWZ,Disaster risk reduction progress score (1-5 scale; 5=best),EN.CLC.DRSK.XQ,,,,,,,,,,,,,,,,,,,,,,,,,,,,,,,,,,,,,,,,,,,,,,,,,,,,..,,,,,
Sint Maarten (Dutch part),SXM,Disaster risk reduction progress score (1-5 scale; 5=best),EN.CLC.DRSK.XQ,,,,,,,,,,,,,,,,,,,,,,,,,,,,,,,,,,,,,,,,,,,,,,,,,,,,..,,,,,
Seychelles,SYC,Disaster risk reduction progress score (1-5 scale; 5=best),EN.CLC.DRSK.XQ,,,,,,,,,,,,,,,,,,,,,,,,,,,,,,,,,,,,,,,,,,,,,,,,,,,,..,,,,,
Syrian Arab Republic,SYR,Disaster risk reduction progress score (1-5 scale; 5=best),EN.CLC.DRSK.XQ,,,,,,,,,,,,,,,,,,,,,,,,,,,,,,,,,,,,,,,,,,,,,,,,,,,,3.5,,,,,
Turks and Caicos Islands,TCA,Disaster risk reduction progress score (1-5 scale; 5=best),EN.CLC.DRSK.XQ,,,,,,,,,,,,,,,,,,,,,,,,,,,,,,,,,,,,,,,,,,,,,,,,,,,,2.25,,,,,
Chad,TCD,Disaster risk reduction progress score (1-5 scale; 5=best),EN.CLC.DRSK.XQ,,,,,,,,,,,,,,,,,,,,,,,,,,,,,,,,,,,,,,,,,,,,,,,,,,,,..,,,,,
East Asia & Pacific (IDA & IBRD countries),TEA,Disaster risk reduction progress score (1-5 scale; 5=best),EN.CLC.DRSK.XQ,,,,,,,,,,,,,,,,,,,,,,,,,,,,,,,,,,,,,,,,,,,,,,,,,,,,..,,,,,
Europe & Central Asia (IDA & IBRD countries),TEC,Disaster risk reduction progress score (1-5 scale; 5=best),EN.CLC.DRSK.XQ,,,,,,,,,,,,,,,,,,,,,,,,,,,,,,,,,,,,,,,,,,,,,,,,,,,,..,,,,,
Togo,TGO,Disaster risk reduction progress score (1-5 scale; 5=best),EN.CLC.DRSK.XQ,,,,,,,,,,,,,,,,,,,,,,,,,,,,,,,,,,,,,,,,,,,,,,,,,,,,..,,,,,
Thailand,THA,Disaster risk reduction progress score (1-5 scale; 5=best),EN.CLC.DRSK.XQ,,,,,,,,,,,,,,,,,,,,,,,,,,,,,,,,,,,,,,,,,,,,,,,,,,,,3.75,,,,,
Tajikistan,TJK,Disaster risk reduction progress score (1-5 scale; 5=best),EN.CLC.DRSK.XQ,,,,,,,,,,,,,,,,,,,,,,,,,,,,,,,,,,,,,,,,,,,,,,,,,,,,..,,,,,
Turkmenistan,TKM,Disaster risk reduction progress score (1-5 scale; 5=best),EN.CLC.DRSK.XQ,,,,,,,,,,,,,,,,,,,,,,,,,,,,,,,,,,,,,,,,,,,,,,,,,,,,..,,,,,
Latin America & the Caribbean (IDA & IBRD countries),TLA,Disaster risk reduction progress score (1-5 scale; 5=best),EN.CLC.DRSK.XQ,,,,,,,,,,,,,,,,,,,,,,,,,,,,,,,,,,,,,,,,,,,,,,,,,,,,..,,,,,
Timor-Leste,TLS,Disaster risk reduction progress score (1-5 scale; 5=best),EN.CLC.DRSK.XQ,,,,,,,,,,,,,,,,,,,,,,,,,,,,,,,,,,,,,,,,,,,,,,,,,,,,..,,,,,
Middle East & North Africa (IDA & IBRD countries),TMN,Disaster risk reduction progress score (1-5 scale; 5=best),EN.CLC.DRSK.XQ,,,,,,,,,,,,,,,,,,,,,,,,,,,,,,,,,,,,,,,,,,,,,,,,,,,,..,,,,,
Tonga,TON,Disaster risk reduction progress score (1-5 scale; 5=best),EN.CLC.DRSK.XQ,,,,,,,,,,,,,,,,,,,,,,,,,,,,,,,,,,,,,,,,,,,,,,,,,,,,..,,,,,
South Asia (IDA & IBRD),TSA,Disaster risk reduction progress score (1-5 scale; 5=best),EN.CLC.DRSK.XQ,,,,,,,,,,,,,,,,,,,,,,,,,,,,,,,,,,,,,,,,,,,,,,,,,,,,..,,,,,
Sub-Saharan Africa (IDA & IBRD countries),TSS,Disaster risk reduction progress score (1-5 scale; 5=best),EN.CLC.DRSK.XQ,,,,,,,,,,,,,,,,,,,,,,,,,,,,,,,,,,,,,,,,,,,,,,,,,,,,..,,,,,
Trinidad and Tobago,TTO,Disaster risk reduction progress score (1-5 scale; 5=best),EN.CLC.DRSK.XQ,,,,,,,,,,,,,,,,,,,,,,,,,,,,,,,,,,,,,,,,,,,,,,,,,,,,..,,,,,
Tunisia,TUN,Disaster risk reduction progress score (1-5 scale; 5=best),EN.CLC.DRSK.XQ,,,,,,,,,,,,,,,,,,,,,,,,,,,,,,,,,,,,,,,,,,,,,,,,,,,,..,,,,,
Turkey,TUR,Disaster risk reduction progress score (1-5 scale; 5=best),EN.CLC.DRSK.XQ,,,,,,,,,,,,,,,,,,,,,,,,,,,,,,,,,,,,,,,,,,,,,,,,,,,,..,,,,,
Tuvalu,TUV,Disaster risk reduction progress score (1-5 scale; 5=best),EN.CLC.DRSK.XQ,,,,,,,,,,,,,,,,,,,,,,,,,,,,,,,,,,,,,,,,,,,,,,,,,,,,..,,,,,
Tanzania,TZA,Disaster risk reduction progress score (1-5 scale; 5=best),EN.CLC.DRSK.XQ,,,,,,,,,,,,,,,,,,,,,,,,,,,,,,,,,,,,,,,,,,,,,,,,,,,,3.5,,,,,
Uganda,UGA,Disaster risk reduction progress score (1-5 scale; 5=best),EN.CLC.DRSK.XQ,,,,,,,,,,,,,,,,,,,,,,,,,,,,,,,,,,,,,,,,,,,,,,,,,,,,..,,,,,
Ukraine,UKR,Disaster risk reduction progress score (1-5 scale; 5=best),EN.CLC.DRSK.XQ,,,,,,,,,,,,,,,,,,,,,,,,,,,,,,,,,,,,,,,,,,,,,,,,,,,,..,,,,,
Upper middle income,UMC,Disaster risk reduction progress score (1-5 scale; 5=best),EN.CLC.DRSK.XQ,,,,,,,,,,,,,,,,,,,,,,,,,,,,,,,,,,,,,,,,,,,,,,,,,,,,..,,,,,
Uruguay,URY,Disaster risk reduction progress score (1-5 scale; 5=best),EN.CLC.DRSK.XQ,,,,,,,,,,,,,,,,,,,,,,,,,,,,,,,,,,,,,,,,,,,,,,,,,,,,..,,,,,
United States,USA,Disaster risk reduction progress score (1-5 scale; 5=best),EN.CLC.DRSK.XQ,,,,,,,,,,,,,,,,,,,,,,,,,,,,,,,,,,,,,,,,,,,,,,,,,,,,3.5,,,,,
Uzbekistan,UZB,Disaster risk reduction progress score (1-5 scale; 5=best),EN.CLC.DRSK.XQ,,,,,,,,,,,,,,,,,,,,,,,,,,,,,,,,,,,,,,,,,,,,,,,,,,,,..,,,,,
St. Vincent and the Grenadines,VCT,Disaster risk reduction progress score (1-5 scale; 5=best),EN.CLC.DRSK.XQ,,,,,,,,,,,,,,,,,,,,,,,,,,,,,,,,,,,,,,,,,,,,,,,,,,,,..,,,,,
"Venezuela, RB",VEN,Disaster risk reduction progress score (1-5 scale; 5=best),EN.CLC.DRSK.XQ,,,,,,,,,,,,,,,,,,,,,,,,,,,,,,,,,,,,,,,,,,,,,,,,,,,,2.75,,,,,
British Virgin Islands,VGB,Disaster risk reduction progress score (1-5 scale; 5=best),EN.CLC.DRSK.XQ,,,,,,,,,,,,,,,,,,,,,,,,,,,,,,,,,,,,,,,,,,,,,,,,,,,,..,,,,,
Virgin Islands (U.S.),VIR,Disaster risk reduction progress score (1-5 scale; 5=best),EN.CLC.DRSK.XQ,,,,,,,,,,,,,,,,,,,,,,,,,,,,,,,,,,,,,,,,,,,,,,,,,,,,..,,,,,
Vietnam,VNM,Disaster risk reduction progress score (1-5 scale; 5=best),EN.CLC.DRSK.XQ,,,,,,,,,,,,,,,,,,,,,,,,,,,,,,,,,,,,,,,,,,,,,,,,,,,,..,,,,,
Vanuatu,VUT,Disaster risk reduction progress score (1-5 scale; 5=best),EN.CLC.DRSK.XQ,,,,,,,,,,,,,,,,,,,,,,,,,,,,,,,,,,,,,,,,,,,,,,,,,,,,2,,,,,
World,WLD,Disaster risk reduction progress score (1-5 scale; 5=best),EN.CLC.DRSK.XQ,,,,,,,,,,,,,,,,,,,,,,,,,,,,,,,,,,,,,,,,,,,,,,,,,,,,..,,,,,
Samoa,WSM,Disaster risk reduction progress score (1-5 scale; 5=best),EN.CLC.DRSK.XQ,,,,,,,,,,,,,,,,,,,,,,,,,,,,,,,,,,,,,,,,,,,,,,,,,,,,3.5,,,,,
Kosovo,XKX,Disaster risk reduction progress score (1-5 scale; 5=best),EN.CLC.DRSK.XQ,,,,,,,,,,,,,,,,,,,,,,,,,,,,,,,,,,,,,,,,,,,,,,,,,,,,..,,,,,
"Yemen, Rep.",YEM,Disaster risk reduction progress score (1-5 scale; 5=best),EN.CLC.DRSK.XQ,,,,,,,,,,,,,,,,,,,,,,,,,,,,,,,,,,,,,,,,,,,,,,,,,,,,2.25,,,,,
South Africa,ZAF,Disaster risk reduction progress score (1-5 scale; 5=best),EN.CLC.DRSK.XQ,,,,,,,,,,,,,,,,,,,,,,,,,,,,,,,,,,,,,,,,,,,,,,,,,,,,..,,,,,
Zambia,ZMB,Disaster risk reduction progress score (1-5 scale; 5=best),EN.CLC.DRSK.XQ,,,,,,,,,,,,,,,,,,,,,,,,,,,,,,,,,,,,,,,,,,,,,,,,,,,,3.75,,,,,
Zimbabwe,ZWE,Disaster risk reduction progress score (1-5 scale; 5=best),EN.CLC.DRSK.XQ,,,,,,,,,,,,,,,,,,,,,,,,,,,,,,,,,,,,,,,,,,,,,,,,,,,,..,,,,,
,,,,,,,,,,,,,,,,,,,,,,,,,,,,,,,,,,,,,,,,,,,,,,,,,,,,,,,,,,,,
Data Source,World Development Indicators,,,,,,,,,,,,,,,,,,,,,,,,,,,,,,,,,,,,,,,,,,,,,,,,,,,,,,,,,,,
Last Updated Date,18-09-17,,,,,,,,,,,,,,,,,,,,,,,,,,,,,,,,,,,,,,,,,,,,,,,,,,,,,,,,,,,
